"","player_id","last_name","first_name","bats","pitches","team","x7","year"
"1","abreb001","Abreu","Bobby","L","R","ANA","OF",2012
"2","amara001","Amarista","Alexi","L","R","ANA","DH",2012
"3","aybae001","Aybar","Erick","B","R","ANA","SS",2012
"4","bourp001","Bourjos","Peter","R","R","ANA","OF",2012
"5","calhk001","Calhoun","Kole","L","L","ANA","OF",2012
"6","calla001","Callaspo","Alberto","B","R","ANA","3B",2012
"7","carpd002","Carpenter","David","R","R","ANA","P",2012
"8","cassb001","Cassevah","Bobby","R","R","ANA","P",2012
"9","congh001","Conger","Hank","B","R","ANA","C",2012
"10","downs001","Downs","Scott","L","L","ANA","P",2012
"11","enrib001","Enright","Barry","R","R","ANA","P",2012
"12","friee001","Frieri","Ernesto","R","R","ANA","P",2012
"13","gelts001","Geltz","Steve","R","R","ANA","P",2012
"14","greiz001","Greinke","Zack","R","R","ANA","P",2012
"15","hared001","Haren","Dan","R","R","ANA","P",2012
"16","hawkl001","Hawkins","LaTroy","R","R","ANA","P",2012
"17","hestj001","Hester","John","R","R","ANA","C",2012
"18","huntt001","Hunter","Torii","R","R","ANA","OF",2012
"19","iannc001","Iannetta","Chris","R","R","ANA","C",2012
"20","isrij001","Isringhausen","Jason","R","R","ANA","P",2012
"21","iztum001","Izturis","Maicer","B","R","ANA","3B",2012
"22","jepsk001","Jepsen","Kevin","R","R","ANA","P",2012
"23","kendh001","Kendrick","Howie","R","R","ANA","2B",2012
"24","langr002","Langerhans","Ryan","L","L","ANA","OF",2012
"25","maron001","Maronde","Nick","B","L","ANA","P",2012
"26","millb001","Mills","Brad","R","L","ANA","P",2012
"27","morak001","Morales","Kendrys","B","R","ANA","DH",2012
"28","pauld001","Pauley","David","R","R","ANA","P",2012
"29","pujoa001","Pujols","Albert","R","R","ANA","1B",2012
"30","richg002","Richards","Garrett","R","R","ANA","P",2012
"31","romia001","Romine","Andrew","B","R","ANA","SS",2012
"32","sante001","Santana","Ervin","R","R","ANA","P",2012
"33","seguj002","Segura","Jean","R","R","ANA","SS",2012
"34","takah001","Takahashi","Hisanori","L","L","ANA","P",2012
"35","tayla002","Taylor","Andrew","R","L","ANA","P",2012
"36","thomr006","Thompson","Rich","R","R","ANA","P",2012
"37","troum001","Trout","Mike","R","R","ANA","OF",2012
"38","trumm001","Trumbo","Mark","R","R","ANA","OF",2012
"39","waldj001","Walden","Jordan","R","R","ANA","P",2012
"40","weavj003","Weaver","Jered","R","R","ANA","P",2012
"41","wellv001","Wells","Vernon","R","R","ANA","OF",2012
"42","willj003","Williams","Jerome","R","R","ANA","P",2012
"43","wilsb002","Wilson","Bobby","R","R","ANA","C",2012
"44","wilsc004","Wilson","C.J.","L","L","ANA","P",2012
"45","albaj001","Albaladejo","Jonathan","R","R","ARI","P",2012
"46","albem001","Albers","Matt","L","R","ARI","P",2012
"47","bauet001","Bauer","Trevor","R","R","ARI","P",2012
"48","bellj004","Bell","Josh","B","R","ARI","3B",2012
"49","bergb002","Bergesen","Brad","L","R","ARI","P",2012
"50","blanh001","Blanco","Henry","R","R","ARI","C",2012
"51","bloow001","Bloomquist","Willie","R","R","ARI","SS",2012
"52","blumg001","Blum","Geoff","B","R","ARI","3B",2012
"53","bresc001","Breslow","Craig","L","L","ARI","P",2012
"54","cahit001","Cahill","Trevor","R","R","ARI","P",2012
"55","collj001","Collmenter","Josh","R","R","ARI","P",2012
"56","corbp001","Corbin","Patrick","L","L","ARI","P",2012
"57","demes001","Demel","Sam","R","R","ARI","P",2012
"58","drews001","Drew","Stephen","L","R","ARI","SS",2012
"59","eatoa002","Eaton","Adam","L","L","ARI","OF",2012
"60","elmoj001","Elmore","Jake","R","R","ARI","SS",2012
"61","goldp001","Goldschmidt","Paul","R","R","ARI","1B",2012
"62","graht001","Graham","Tyler","R","R","ARI","OF",2012
"63","hernd002","Hernandez","David","R","R","ARI","P",2012
"64","hilla001","Hill","Aaron","R","R","ARI","2B",2012
"65","hudsd001","Hudson","Daniel","R","R","ARI","P",2012
"66","jacom001","Jacobs","Mike","L","R","ARI","1B",2012
"67","johnc003","Johnson","Chris","R","R","ARI","3B",2012
"68","kenni001","Kennedy","Ian","R","R","ARI","P",2012
"69","kubej002","Kubel","Jason","L","R","ARI","OF",2012
"70","lindm001","Lindstrom","Matt","R","R","ARI","P",2012
"71","martj004","Martinez","Joe","L","R","ARI","P",2012
"72","mcdoj003","McDonald","John","R","R","ARI","SS",2012
"73","milew001","Miley","Wade","L","L","ARI","P",2012
"74","montm001","Montero","Miguel","L","R","ARI","C",2012
"75","nievw001","Nieves","Wil","R","R","ARI","C",2012
"76","overl001","Overbay","Lyle","L","L","ARI","1B",2012
"77","parrg001","Parra","Gerardo","L","L","ARI","OF",2012
"78","patej001","Paterson","Joe","R","L","ARI","P",2012
"79","polla001","Pollock","A.J.","R","R","ARI","OF",2012
"80","putzj001","Putz","J.J.","R","R","ARI","P",2012
"81","ransc001","Ransom","Cody","R","R","ARI","3B",2012
"82","rober002","Roberts","Ryan","R","R","ARI","3B",2012
"83","saitt001","Saito","Takashi","L","R","ARI","P",2012
"84","saunj001","Saunders","Joe","L","L","ARI","P",2012
"85","schmk001","Schmidt","Konrad","R","R","ARI","C",2012
"86","shawb001","Shaw","Bryan","B","R","ARI","P",2012
"87","skagt001","Skaggs","Tyler","L","L","ARI","P",2012
"88","uptoj001","Upton","Justin","R","R","ARI","OF",2012
"89","wheer001","Wheeler","Ryan","L","R","ARI","3B",2012
"90","younc004","Young","Chris","R","R","ARI","OF",2012
"91","zagum001","Zagurski","Mike","L","L","ARI","P",2012
"92","ziegb001","Ziegler","Brad","R","R","ARI","P",2012
"93","avill001","Avilan","Luis","L","L","ATL","P",2012
"94","bakej001","Baker","Jeff","R","R","ATL","OF",2012
"95","batim001","Batista","Miguel","R","R","ATL","P",2012
"96","beacb001","Beachy","Brandon","R","R","ATL","P",2012
"97","boscj001","Boscan","J.C.","R","R","ATL","C",2012
"98","bourm001","Bourn","Michael","L","R","ATL","OF",2012
"99","consj001","Constanza","Jose","L","L","ATL","OF",2012
"100","delgr001","Delgado","Randall","R","R","ATL","P",2012
"101","diazm003","Diaz","Matt","R","R","ATL","OF",2012
"102","durbc001","Durbin","Chad","R","R","ATL","P",2012
"103","franj005","Francisco","Juan","L","R","ATL","3B",2012
"104","freef001","Freeman","Freddie","L","R","ATL","1B",2012
"105","gearc001","Gearrin","Cory","R","R","ATL","P",2012
"106","hanst001","Hanson","Tommy","R","R","ATL","P",2012
"107","hernl003","Hernandez","Livan","R","R","ATL","P",2012
"108","heywj001","Heyward","Jason","L","L","ATL","OF",2012
"109","hinse001","Hinske","Eric","L","R","ATL","1B",2012
"110","hudst001","Hudson","Tim","R","R","ATL","P",2012
"111","janip001","Janish","Paul","R","R","ATL","SS",2012
"112","johnr008","Johnson","Reed","R","R","ATL","OF",2012
"113","jonec004","Jones","Chipper","B","R","ATL","3B",2012
"114","jurrj001","Jurrjens","Jair","R","R","ATL","P",2012
"115","kimbc001","Kimbrel","Craig","R","R","ATL","P",2012
"116","mahop002","Maholm","Paul","L","L","ATL","P",2012
"117","martc005","Martinez","Cristhian","R","R","ATL","P",2012
"118","mccab002","McCann","Brian","L","R","ATL","C",2012
"119","medlk001","Medlen","Kris","B","R","ATL","P",2012
"120","minom001","Minor","Mike","R","L","ATL","P",2012
"121","moylp001","Moylan","Peter","R","R","ATL","P",2012
"122","oflae001","O'Flaherty","Eric","L","L","ATL","P",2012
"123","overl001","Overbay","Lyle","L","L","ATL","1B",2012
"124","pastt001","Pastornicky","Tyler","R","R","ATL","SS",2012
"125","pradm001","Prado","Martin","R","R","ATL","OF",2012
"126","rossd001","Ross","David","R","R","ATL","C",2012
"127","sheeb001","Sheets","Ben","R","R","ATL","P",2012
"128","simma001","Simmons","Andrelton","R","R","ATL","SS",2012
"129","tehej001","Teheran","Julio","R","R","ATL","P",2012
"130","uggld001","Uggla","Dan","R","R","ATL","2B",2012
"131","varva001","Varvaro","Anthony","R","R","ATL","P",2012
"132","ventj001","Venters","Jonny","L","L","ATL","P",2012
"133","wilsj002","Wilson","Jack","R","R","ATL","SS",2012
"134","andir001","Andino","Robert","R","R","BAL","2B",2012
"135","arrij001","Arrieta","Jake","R","R","BAL","P",2012
"136","averx001","Avery","Xavier","L","L","BAL","OF",2012
"137","ayall001","Ayala","Luis","R","R","BAL","P",2012
"138","berkj001","Berken","Jason","R","R","BAL","P",2012
"139","betew001","Betemit","Wilson","B","R","BAL","3B",2012
"140","britz001","Britton","Zach","L","L","BAL","P",2012
"141","bundd001","Bundy","Dylan","B","R","BAL","P",2012
"142","chave002","Chavez","Endy","L","L","BAL","OF",2012
"143","chenw001","Chen","Wei-Yin","L","L","BAL","P",2012
"144","davic003","Davis","Chris","L","R","BAL","DH",2012
"145","eveld001","Eveland","Dana","L","L","BAL","P",2012
"146","expol001","Exposito","Luis","R","R","BAL","C",2012
"147","flahr001","Flaherty","Ryan","L","R","BAL","2B",2012
"148","fordl001","Ford","Lew","R","R","BAL","OF",2012
"149","gonzm003","Gonzalez","Miguel","R","R","BAL","P",2012
"150","gregk001","Gregg","Kevin","R","R","BAL","P",2012
"151","hallb001","Hall","Bill","R","R","BAL","DH",2012
"152","hammj002","Hammel","Jason","R","R","BAL","P",2012
"153","hardj003","Hardy","J.J.","R","R","BAL","SS",2012
"154","hoesl001","Hoes","L.J.","R","R","BAL","OF",2012
"155","huntt002","Hunter","Tommy","R","R","BAL","P",2012
"156","johnj010","Johnson","Jim","R","R","BAL","P",2012
"157","johnn001","Johnson","Nick","L","L","BAL","DH",2012
"158","johns001","Johnson","Steve","R","R","BAL","P",2012
"159","jonea003","Jones","Adam","R","R","BAL","OF",2012
"160","lindm001","Lindstrom","Matt","R","R","BAL","P",2012
"161","machm001","Machado","Manny","R","R","BAL","3B",2012
"162","mahoj001","Mahoney","Joe","L","L","BAL","1B",2012
"163","markn001","Markakis","Nick","L","L","BAL","OF",2012
"164","matub001","Matusz","Brian","L","L","BAL","P",2012
"165","mclon001","McLouth","Nate","L","R","BAL","OF",2012
"166","odayd001","O'Day","Darren","R","R","BAL","P",2012
"167","pattt001","Patton","Troy","B","L","BAL","P",2012
"168","paulr001","Paulino","Ronny","R","R","BAL","C",2012
"169","pears001","Pearce","Steve","R","R","BAL","OF",2012
"170","philz001","Phillips","Zach","L","L","BAL","P",2012
"171","pomes001","Pomeranz","Stuart","R","R","BAL","P",2012
"172","quino001","Quintanilla","Omar","L","R","BAL","2B",2012
"173","reimn001","Reimold","Nolan","R","R","BAL","OF",2012
"174","reynm001","Reynolds","Mark","R","R","BAL","1B",2012
"175","robeb003","Roberts","Brian","B","R","BAL","2B",2012
"176","romej001","Romero","J.C.","B","L","BAL","P",2012
"177","saunj001","Saunders","Joe","L","L","BAL","P",2012
"178","socom001","Socolovich","Miguel","R","R","BAL","P",2012
"179","strop001","Strop","Pedro","R","R","BAL","P",2012
"180","teagt001","Teagarden","Taylor","R","R","BAL","C",2012
"181","thomj002","Thome","Jim","L","R","BAL","DH",2012
"182","tillc001","Tillman","Chris","R","R","BAL","P",2012
"183","tolls001","Tolleson","Steven","R","R","BAL","3B",2012
"184","wietm001","Wieters","Matt","B","R","BAL","C",2012
"185","wolfr001","Wolf","Randy","L","L","BAL","P",2012
"186","aceva001","Aceves","Alfredo","R","R","BOS","P",2012
"187","albem001","Albers","Matt","L","R","BOS","P",2012
"188","andel002","Anderson","Lars","L","L","BOS","OF",2012
"189","atchs001","Atchison","Scott","R","R","BOS","P",2012
"190","avilm001","Aviles","Mike","R","R","BOS","SS",2012
"191","baila001","Bailey","Andrew","R","R","BOS","P",2012
"192","bardd001","Bard","Daniel","R","R","BOS","P",2012
"193","beatp001","Beato","Pedro","R","R","BOS","P",2012
"194","beckj002","Beckett","Josh","R","R","BOS","P",2012
"195","bowdm001","Bowden","Michael","R","R","BOS","P",2012
"196","bresc001","Breslow","Craig","L","L","BOS","P",2012
"197","buchc001","Buchholz","Clay","L","R","BOS","P",2012
"198","byrdm001","Byrd","Marlon","R","R","BOS","OF",2012
"199","carpc003","Carpenter","Chris","R","R","BOS","P",2012
"200","cirip001","Ciriaco","Pedro","R","R","BOS","3B",2012
"201","cooka002","Cook","Aaron","R","R","BOS","P",2012
"202","crawc002","Crawford","Carl","L","L","BOS","OF",2012
"203","dejei002","De Jesus","Ivan","R","R","BOS","2B",2012
"204","doubf001","Doubront","Felix","L","L","BOS","P",2012
"205","ellsj001","Ellsbury","Jacoby","L","L","BOS","OF",2012
"206","germj001","Germano","Justin","R","R","BOS","P",2012
"207","gomem001","Gomez","Mauro","R","R","BOS","1B",2012
"208","gonza003","Gonzalez","Adrian","L","L","BOS","1B",2012
"209","hillr001","Hill","Rich","L","L","BOS","P",2012
"210","iglej001","Iglesias","Jose","R","R","BOS","SS",2012
"211","kalir001","Kalish","Ryan","L","L","BOS","OF",2012
"212","lavar001","Lavarnway","Ryan","R","R","BOS","C",2012
"213","lestj001","Lester","Jon","L","L","BOS","P",2012
"214","lillb001","Lillibridge","Brent","R","R","BOS","OF",2012
"215","lin-c001","Lin","Che-Hsuan","R","R","BOS","OF",2012
"216","lonej001","Loney","James","L","L","BOS","1B",2012
"217","matsd001","Matsuzaka","Daisuke","R","R","BOS","P",2012
"218","mcdod002","McDonald","Darnell","R","R","BOS","OF",2012
"219","melam001","Melancon","Mark","R","R","BOS","P",2012
"220","middw001","Middlebrooks","Will","R","R","BOS","3B",2012
"221","milla002","Miller","Andrew","L","L","BOS","P",2012
"222","moraf001","Morales","Franklin","L","L","BOS","P",2012
"223","mortc003","Mortensen","Clayton","R","R","BOS","P",2012
"224","navad002","Nava","Daniel","B","L","BOS","OF",2012
"225","ortid001","Ortiz","David","L","L","BOS","DH",2012
"226","padiv001","Padilla","Vicente","R","R","BOS","P",2012
"227","pedrd001","Pedroia","Dustin","R","R","BOS","2B",2012
"228","podss001","Podsednik","Scott","L","L","BOS","OF",2012
"229","puntn001","Punto","Nick","B","R","BOS","3B",2012
"230","quirg001","Quiroz","Guillermo","R","R","BOS","C",2012
"231","repkj001","Repko","Jason","R","R","BOS","OF",2012
"232","rossc001","Ross","Cody","R","L","BOS","OF",2012
"233","saltj001","Saltalamacchia","Jarrod","B","R","BOS","C",2012
"234","shopk001","Shoppach","Kelly","R","R","BOS","C",2012
"235","spean001","Spears","Nate","L","R","BOS","OF",2012
"236","stewz001","Stewart","Zach","R","R","BOS","P",2012
"237","sweer001","Sweeney","Ryan","L","L","BOS","OF",2012
"238","tazaj001","Tazawa","Junichi","R","R","BOS","P",2012
"239","thomj006","Thomas","Justin","L","L","BOS","P",2012
"240","valed001","Valencia","Danny","R","R","BOS","3B",2012
"241","youkk001","Youkilis","Kevin","R","R","BOS","3B",2012
"242","axeld001","Axelrod","Dylan","R","R","CHA","P",2012
"243","beckg001","Beckham","Gordon","R","R","CHA","2B",2012
"244","brunb001","Bruney","Brian","R","R","CHA","P",2012
"245","craij001","Crain","Jesse","R","R","CHA","P",2012
"246","dankj001","Danks","John","L","L","CHA","P",2012
"247","dankj002","Danks","Jordan","L","R","CHA","OF",2012
"248","deaza001","de Aza","Alejandro","L","L","CHA","OF",2012
"249","dunna001","Dunn","Adam","L","R","CHA","DH",2012
"250","escoe001","Escobar","Eduardo","B","R","CHA","3B",2012
"251","flowt001","Flowers","Tyler","R","R","CHA","C",2012
"252","floyg001","Floyd","Gavin","R","R","CHA","P",2012
"253","fukuk001","Fukudome","Kosuke","L","R","CHA","OF",2012
"254","gimeh001","Gimenez","Hector","B","R","CHA","C",2012
"255","heatd001","Heath","Deunte","R","R","CHA","P",2012
"256","hernp001","Hernandez","Pedro","L","L","CHA","P",2012
"257","hudso001","Hudson","Orlando","B","R","CHA","3B",2012
"258","humbp001","Humber","Philip","R","R","CHA","P",2012
"259","johnd004","Johnson","Dan","L","R","CHA","DH",2012
"260","jonen001","Jones","Nate","R","R","CHA","P",2012
"261","konep001","Konerko","Paul","R","R","CHA","1B",2012
"262","lillb001","Lillibridge","Brent","R","R","CHA","OF",2012
"263","lirif001","Liriano","Francisco","L","L","CHA","P",2012
"264","lopej003","Lopez","Jose","R","R","CHA","3B",2012
"265","marij001","Marinez","Jhan","R","R","CHA","P",2012
"266","moreb001","Morel","Brent","R","R","CHA","3B",2012
"267","myerb001","Myers","Brett","R","R","CHA","P",2012
"268","ohmaw001","Ohman","Will","L","L","CHA","P",2012
"269","olmer001","Olmedo","Ray","B","R","CHA","3B",2012
"270","omogb001","Omogrosso","Brian","R","R","CHA","P",2012
"271","peavj001","Peavy","Jake","R","R","CHA","P",2012
"272","piera001","Pierzynski","A.J.","L","R","CHA","C",2012
"273","quinj001","Quintana","Jose","R","L","CHA","P",2012
"274","ramia003","Ramirez","Alexei","R","R","CHA","SS",2012
"275","reeda001","Reed","Addison","L","R","CHA","P",2012
"276","riosa002","Rios","Alex","R","R","CHA","OF",2012
"277","salec001","Sale","Chris","L","L","CHA","P",2012
"278","santh001","Santiago","Hector","R","L","CHA","P",2012
"279","septl001","Septimo","Leyson","L","L","CHA","P",2012
"280","stewz001","Stewart","Zach","R","R","CHA","P",2012
"281","stule002","Stults","Eric","L","L","CHA","P",2012
"282","thorm001","Thornton","Matt","L","L","CHA","P",2012
"283","veald001","Veal","Donnie","L","L","CHA","P",2012
"284","vicid001","Viciedo","Dayan","R","R","CHA","OF",2012
"285","wised001","Wise","Dewayne","L","L","CHA","OF",2012
"286","youkk001","Youkilis","Kevin","R","R","CHA","3B",2012
"287","bakej001","Baker","Jeff","R","R","CHN","1B",2012
"288","barnd001","Barney","Darwin","R","R","CHN","2B",2012
"289","belij001","Beliveau","Jeff","L","L","CHN","P",2012
"290","berkj001","Berken","Jason","R","R","CHN","P",2012
"291","bowdm001","Bowden","Michael","R","R","CHN","P",2012
"292","byrdm001","Byrd","Marlon","R","R","CHN","OF",2012
"293","cabra003","Cabrera","Alberto","R","R","CHN","P",2012
"294","camps002","Camp","Shawn","R","R","CHN","P",2012
"295","campt001","Campana","Tony","L","L","CHN","OF",2012
"296","carda001","Cardenas","Adrian","L","R","CHN","2B",2012
"297","castl002","Castillo","Lendy","B","R","CHN","P",2012
"298","casts001","Castro","Starlin","R","R","CHN","SS",2012
"299","castw002","Castillo","Welington","R","R","CHN","C",2012
"300","chapj001","Chapman","Jaye","R","R","CHN","P",2012
"301","clevs001","Clevenger","Steve","L","R","CHN","C",2012
"302","colec001","Coleman","Casey","L","R","CHN","P",2012
"303","corpm001","Corpas","Manuel","R","R","CHN","P",2012
"304","dejed001","DeJesus","David","L","L","CHN","OF",2012
"305","dempr002","Dempster","Ryan","R","R","CHN","P",2012
"306","dewib001","DeWitt","Blake","L","R","CHN","2B",2012
"307","dolir001","Dolis","Rafael","R","R","CHN","P",2012
"308","garzm001","Garza","Matt","R","R","CHN","P",2012
"309","germj001","Germano","Justin","R","R","CHN","P",2012
"310","hillk002","Hill","Koyie","B","R","CHN","C",2012
"311","hinsa001","Hinshaw","Alex","L","L","CHN","P",2012
"312","jackb002","Jackson","Brett","L","R","CHN","OF",2012
"313","johnr008","Johnson","Reed","R","R","CHN","OF",2012
"314","lahab001","LaHair","Bryan","L","R","CHN","1B",2012
"315","lallb001","Lalli","Blake","L","R","CHN","C",2012
"316","loper001","Lopez","Rodrigo","R","R","CHN","P",2012
"317","mahop002","Maholm","Paul","L","L","CHN","P",2012
"318","mains001","Maine","Scott","L","L","CHN","P",2012
"319","marmc001","Marmol","Carlos","R","R","CHN","P",2012
"320","mathj002","Mather","Joe","R","R","CHN","OF",2012
"321","parkb001","Parker","Blake","R","R","CHN","P",2012
"322","raleb001","Raley","Brooks","L","L","CHN","P",2012
"323","recka001","Recker","Anthony","R","R","CHN","C",2012
"324","rizza001","Rizzo","Anthony","L","L","CHN","1B",2012
"325","rusic001","Rusin","Chris","L","L","CHN","P",2012
"326","russj003","Russell","James","L","L","CHN","P",2012
"327","samaj001","Samardzija","Jeff","R","R","CHN","P",2012
"328","sappd001","Sappelt","Dave","R","R","CHN","OF",2012
"329","socom001","Socolovich","Miguel","R","R","CHN","P",2012
"330","soria001","Soriano","Alfonso","R","R","CHN","OF",2012
"331","sotog001","Soto","Geovany","R","R","CHN","C",2012
"332","stewi001","Stewart","Ian","L","R","CHN","3B",2012
"333","valbl001","Valbuena","Luis","L","R","CHN","3B",2012
"334","valdl001","Valdez","Luis","R","R","CHN","P",2012
"335","vittj001","Vitters","Josh","R","R","CHN","3B",2012
"336","volsc001","Volstad","Chris","R","R","CHN","P",2012
"337","wellr001","Wells","Randy","R","R","CHN","P",2012
"338","woodk002","Wood","Kerry","R","R","CHN","P",2012
"339","woodt004","Wood","Travis","R","L","CHN","P",2012
"340","arrej001","Arredondo","Jose","R","R","CIN","P",2012
"341","arrob001","Arroyo","Bronson","R","R","CIN","P",2012
"342","bailh001","Bailey","Homer","R","R","CIN","P",2012
"343","brayb001","Bray","Bill","L","L","CIN","P",2012
"344","broxj001","Broxton","Jonathan","R","R","CIN","P",2012
"345","brucj001","Bruce","Jay","L","L","CIN","OF",2012
"346","cairm001","Cairo","Miguel","R","R","CIN","1B",2012
"347","chapa001","Chapman","Aroldis","L","L","CIN","P",2012
"348","cingt001","Cingrani","Tony","L","L","CIN","P",2012
"349","costm001","Costanzo","Mike","L","R","CIN","1B",2012
"350","cozaz001","Cozart","Zack","R","R","CIN","SS",2012
"351","cuetj001","Cueto","Johnny","R","R","CIN","P",2012
"352","frazt001","Frazier","Todd","R","R","CIN","3B",2012
"353","gregd001","Gregorius","Didi","L","R","CIN","SS",2012
"354","hanir001","Hanigan","Ryan","R","R","CIN","C",2012
"355","harrw001","Harris","Willie","L","R","CIN","2B",2012
"356","heisc001","Heisey","Chris","R","R","CIN","OF",2012
"357","hoovj002","Hoover","J.J.","R","R","CIN","P",2012
"358","latom001","Latos","Mat","R","R","CIN","P",2012
"359","leakm001","Leake","Mike","R","R","CIN","P",2012
"360","lecus001","LeCure","Sam","R","R","CIN","P",2012
"361","ludwr001","Ludwick","Ryan","R","L","CIN","OF",2012
"362","marss002","Marshall","Sean","L","L","CIN","P",2012
"363","mesod001","Mesoraco","Devin","R","R","CIN","C",2012
"364","navad001","Navarro","Dioner","B","R","CIN","C",2012
"365","negrk001","Negron","Kristopher","R","R","CIN","OF",2012
"366","ondrl001","Ondrusek","Logan","R","R","CIN","P",2012
"367","paulx001","Paul","Xavier","L","R","CIN","OF",2012
"368","philb001","Phillips","Brandon","R","R","CIN","2B",2012
"369","phipd001","Phipps","Denis","R","R","CIN","OF",2012
"370","redmt002","Redmond","Todd","R","R","CIN","P",2012
"371","rodrh003","Rodriguez","Henry","B","R","CIN","2B",2012
"372","roles001","Rolen","Scott","R","R","CIN","3B",2012
"373","simoa001","Simon","Alfredo","R","R","CIN","P",2012
"374","stubd001","Stubbs","Drew","R","R","CIN","OF",2012
"375","valdw001","Valdez","Wilson","R","R","CIN","SS",2012
"376","villp001","Villarreal","Pedro","R","R","CIN","P",2012
"377","vottj001","Votto","Joey","L","R","CIN","1B",2012
"378","accaj001","Accardo","Jeremy","R","R","CLE","P",2012
"379","allec002","Allen","Cody","R","R","CLE","P",2012
"380","barns002","Barnes","Scott","L","L","CLE","P",2012
"381","branm003","Brantley","Michael","L","L","CLE","OF",2012
"382","cabra002","Cabrera","Asdrubal","B","R","CLE","SS",2012
"383","canzr001","Canzler","Russ","R","R","CLE","OF",2012
"384","carll001","Carlin","Luke","B","R","CLE","C",2012
"385","carmf001","Carmona","Fausto","R","R","CLE","P",2012
"386","carre001","Carrera","Ezequiel","L","L","CLE","OF",2012
"387","chisl001","Chisenhall","Lonnie","L","R","CLE","3B",2012
"388","choos001","Choo","Shin-Soo","L","L","CLE","OF",2012
"389","cunna001","Cunningham","Aaron","R","R","CLE","OF",2012
"390","damoj001","Damon","Johnny","L","L","CLE","OF",2012
"391","diazj003","Diaz","Juan","B","R","CLE","SS",2012
"392","donaj002","Donald","Jason","R","R","CLE","3B",2012
"393","duncs001","Duncan","Shelley","R","R","CLE","OF",2012
"394","gomej002","Gomez","Jeanmar","R","R","CLE","P",2012
"395","hafnt001","Hafner","Travis","L","R","CLE","DH",2012
"396","hagan001","Hagadone","Nick","L","L","CLE","P",2012
"397","hannj001","Hannahan","Jack","L","R","CLE","3B",2012
"398","herrf001","Herrmann","Frank","L","R","CLE","P",2012
"399","huffd001","Huff","David","B","L","CLE","P",2012
"400","jimeu001","Jimenez","Ubaldo","R","R","CLE","P",2012
"401","kipnj001","Kipnis","Jason","L","R","CLE","2B",2012
"402","klubc001","Kluber","Corey","R","R","CLE","P",2012
"403","kotcc001","Kotchman","Casey","L","L","CLE","1B",2012
"404","lapom001","LaPorta","Matt","R","R","CLE","1B",2012
"405","lillb001","Lillibridge","Brent","R","R","CLE","SS",2012
"406","lopej003","Lopez","Jose","R","R","CLE","3B",2012
"407","lowed001","Lowe","Derek","R","R","CLE","P",2012
"408","mains001","Maine","Scott","L","L","CLE","P",2012
"409","marsl001","Marson","Lou","R","R","CLE","C",2012
"410","mastj001","Masterson","Justin","R","R","CLE","P",2012
"411","mcalz001","McAllister","Zach","R","R","CLE","P",2012
"412","nealt001","Neal","Thomas","R","R","CLE","OF",2012
"413","perec002","Perez","Chris","R","R","CLE","P",2012
"414","perer002","Perez","Rafael","L","L","CLE","P",2012
"415","pestv001","Pestano","Vinnie","R","R","CLE","P",2012
"416","phelc001","Phelps","Cord","B","R","CLE","2B",2012
"417","rogee002","Rogers","Esmil","R","R","CLE","P",2012
"418","rottv001","Rottino","Vinny","R","R","CLE","OF",2012
"419","santc002","Santana","Carlos","B","R","CLE","C",2012
"420","seddc001","Seddon","Chris","L","L","CLE","P",2012
"421","sippt001","Sipp","Tony","L","L","CLE","P",2012
"422","smitj002","Smith","Joe","R","R","CLE","P",2012
"423","tomlj001","Tomlin","Josh","R","R","CLE","P",2012
"424","valdl001","Valdez","Luis","R","R","CLE","P",2012
"425","wheed001","Wheeler","Dan","R","R","CLE","P",2012
"426","belim001","Belisle","Matt","R","R","COL","P",2012
"427","betar001","Betancourt","Rafael","R","R","COL","P",2012
"428","blacc001","Blackmon","Charlie","L","L","COL","OF",2012
"429","brotr001","Brothers","Rex","L","L","COL","P",2012
"430","browa003","Brown","Andrew","R","R","COL","OF",2012
"431","cabre002","Cabrera","Edwar","L","L","COL","P",2012
"432","chacj001","Chacin","Jhoulys","R","R","COL","P",2012
"433","chatt001","Chatwood","Tyler","R","R","COL","P",2012
"434","colvt001","Colvin","Tyler","L","L","COL","OF",2012
"435","cuddm001","Cuddyer","Michael","R","R","COL","OF",2012
"436","delaj001","de la Rosa","Jorge","L","L","COL","P",2012
"437","ekstm001","Ekstrom","Mike","R","R","COL","P",2012
"438","escae001","Escalona","Edgmer","R","R","COL","P",2012
"439","fielt001","Field","Thomas","R","R","COL","2B",2012
"440","fowld001","Fowler","Dexter","B","R","COL","OF",2012
"441","franj003","Francis","Jeff","L","L","COL","P",2012
"442","friec001","Friedrich","Christian","R","L","COL","P",2012
"443","giamj001","Giambi","Jason","L","R","COL","1B",2012
"444","gonzc001","Gonzalez","Carlos","L","L","COL","OF",2012
"445","guthj001","Guthrie","Jeremy","R","R","COL","P",2012
"446","harrw002","Harris","Will","R","R","COL","P",2012
"447","heltt001","Helton","Todd","L","L","COL","1B",2012
"448","hernr002","Hernandez","Ramon","R","R","COL","C",2012
"449","herrj002","Herrera","Jonathan","B","R","COL","SS",2012
"450","lemad001","LeMahieu","DJ","R","R","COL","2B",2012
"451","mcbrm002","McBride","Matt","R","R","COL","OF",2012
"452","moscg001","Moscoso","Guillermo","R","R","COL","P",2012
"453","moyej001","Moyer","Jamie","L","L","COL","P",2012
"454","nelsc001","Nelson","Chris","R","R","COL","3B",2012
"455","nicaj001","Nicasio","Juan","R","R","COL","P",2012
"456","nievw001","Nieves","Wil","R","R","COL","C",2012
"457","orter001","Ortega","Rafael","L","R","COL","OF",2012
"458","ottaa001","Ottavino","Adam","L","R","COL","P",2012
"459","outmj001","Outman","Josh","L","L","COL","P",2012
"460","pachj001","Pacheco","Jordan","R","R","COL","3B",2012
"461","pomed001","Pomeranz","Drew","R","L","COL","P",2012
"462","putnz001","Putnam","Zach","R","R","COL","P",2012
"463","reynm002","Reynolds","Matt","L","L","COL","P",2012
"464","roenj001","Roenicke","Josh","R","R","COL","P",2012
"465","rogee002","Rogers","Esmil","R","R","COL","P",2012
"466","rosaw001","Rosario","Wilin","R","R","COL","C",2012
"467","rutlj001","Rutledge","Josh","R","R","COL","SS",2012
"468","sancj002","Sanchez","Jonathan","L","L","COL","P",2012
"469","scahr001","Scahill","Rob","L","R","COL","P",2012
"470","scutm001","Scutaro","Marco","R","R","COL","2B",2012
"471","torrc001","Torres","Carlos","R","R","COL","P",2012
"472","tulot001","Tulowitzki","Troy","R","R","COL","SS",2012
"473","whita001","White","Alex","R","R","COL","P",2012
"474","youne003","Young","Eric","B","R","COL","OF",2012
"475","albua001","Alburquerque","Al","R","R","DET","P",2012
"476","avila001","Avila","Alex","L","R","DET","C",2012
"477","bakej001","Baker","Jeff","R","R","DET","OF",2012
"478","balec001","Balester","Collin","R","R","DET","P",2012
"479","belod001","Below","Duane","L","L","DET","P",2012
"480","benoj001","Benoit","Joaquin","R","R","DET","P",2012
"481","berrq001","Berry","Quintin","L","L","DET","OF",2012
"482","boesb001","Boesch","Brennan","L","L","DET","OF",2012
"483","cabrm001","Cabrera","Miguel","R","R","DET","3B",2012
"484","cokep001","Coke","Phil","L","L","DET","P",2012
"485","crosc001","Crosby","Casey","R","L","DET","P",2012
"486","dirka001","Dirks","Andy","L","L","DET","OF",2012
"487","doteo001","Dotel","Octavio","R","R","DET","P",2012
"488","downd001","Downs","Darin","R","L","DET","P",2012
"489","eldrb001","Eldred","Brad","R","R","DET","DH",2012
"490","fielp001","Fielder","Prince","L","R","DET","1B",2012
"491","fistd001","Fister","Doug","L","R","DET","P",2012
"492","garca003","Garcia","Avisail","R","R","DET","OF",2012
"493","holab001","Holaday","Bryan","R","R","DET","C",2012
"494","infao001","Infante","Omar","R","R","DET","2B",2012
"495","ingeb001","Inge","Brandon","R","R","DET","2B",2012
"496","jacka001","Jackson","Austin","R","R","DET","OF",2012
"497","kelld001","Kelly","Don","L","R","DET","OF",2012
"498","lairg001","Laird","Gerald","R","R","DET","C",2012
"499","martl003","Marte","Luis","R","R","DET","P",2012
"500","ortej001","Ortega","Jose","R","R","DET","P",2012
"501","peraj001","Peralta","Jhonny","R","R","DET","SS",2012
"502","pereh001","Perez","Hernan","R","R","DET","2B",2012
"503","porcr001","Porcello","Rick","R","R","DET","P",2012
"504","putkl001","Putkonen","Luke","R","R","DET","P",2012
"505","rabur001","Raburn","Ryan","R","R","DET","OF",2012
"506","sanca004","Sanchez","Anibal","R","R","DET","P",2012
"507","santo001","Santos","Omir","R","R","DET","C",2012
"508","santr002","Santiago","Ramon","B","R","DET","2B",2012
"509","schem001","Scherzer","Max","R","R","DET","P",2012
"510","schld001","Schlereth","Daniel","L","L","DET","P",2012
"511","smyld001","Smyly","Drew","L","L","DET","P",2012
"512","thomc002","Thomas","Clete","L","R","DET","OF",2012
"513","turnj002","Turner","Jacob","R","R","DET","P",2012
"514","valvj001","Valverde","Jose","R","R","DET","P",2012
"515","verlj001","Verlander","Justin","R","R","DET","P",2012
"516","villb002","Villarreal","Brayan","R","R","DET","P",2012
"517","webet001","Weber","Thad","R","R","DET","P",2012
"518","wilka001","Wilk","Adam","L","L","DET","P",2012
"519","wortd001","Worth","Danny","R","R","DET","2B",2012
"520","yound003","Young","Delmon","R","R","DET","DH",2012
"521","younm004","Young","Matt","L","R","DET","OF",2012
"522","abadf001","Abad","Fernando","L","L","HOU","P",2012
"523","altuj001","Altuve","Jose","R","R","HOU","2B",2012
"524","ambrh001","Ambriz","Hector","L","R","HOU","P",2012
"525","barnb002","Barnes","Brandon","R","R","HOU","OF",2012
"526","bixlb001","Bixler","Brian","R","R","HOU","OF",2012
"527","bogub001","Bogusevic","Brian","L","L","HOU","OF",2012
"528","buckt001","Buck","Travis","L","R","HOU","OF",2012
"529","carpd001","Carpenter","David","R","R","HOU","P",2012
"530","castj006","Castro","Jason","L","R","HOU","C",2012
"531","cedex001","Cedeno","Xavier","L","L","HOU","P",2012
"532","cordf002","Cordero","Francisco","R","R","HOU","P",2012
"533","corpc001","Corporan","Carlos","B","R","HOU","C",2012
"534","cruzr001","Cruz","Rhiner","R","R","HOU","P",2012
"535","delre001","Del Rosario","Enerio","R","R","HOU","P",2012
"536","domim001","Dominguez","Matt","R","R","HOU","3B",2012
"537","downm001","Downs","Matt","R","R","HOU","1B",2012
"538","fickc001","Fick","Chuckie","R","R","HOU","P",2012
"539","franb001","Francisco","Ben","R","R","HOU","OF",2012
"540","galaa002","Galarraga","Armando","R","R","HOU","P",2012
"541","gonze001","Gonzalez","Edgar","R","R","HOU","P",2012
"542","gonzm002","Gonzalez","Marwin","B","R","HOU","SS",2012
"543","greet004","Greene","Tyler","R","R","HOU","SS",2012
"544","happj001","Happ","J.A.","L","L","HOU","P",2012
"545","harrl002","Harrell","Lucas","B","R","HOU","P",2012
"546","johnc003","Johnson","Chris","R","R","HOU","3B",2012
"547","keucd001","Keuchel","Dallas","L","L","HOU","P",2012
"548","lairb001","Laird","Brandon","R","R","HOU","3B",2012
"549","lee-c001","Lee","Carlos","R","R","HOU","1B",2012
"550","lopew001","Lopez","Wilton","R","R","HOU","P",2012
"551","lowrj001","Lowrie","Jed","B","R","HOU","SS",2012
"552","lylej001","Lyles","Jordan","R","R","HOU","P",2012
"553","lyonb003","Lyon","Brandon","R","R","HOU","P",2012
"554","martf002","Martinez","Fernando","L","R","HOU","OF",2012
"555","martj006","Martinez","J.D.","R","R","HOU","OF",2012
"556","maxwj002","Maxwell","Justin","R","R","HOU","OF",2012
"557","moors001","Moore","Scott","L","R","HOU","3B",2012
"558","myerb001","Myers","Brett","R","R","HOU","P",2012
"559","norrb001","Norris","Bud","R","R","HOU","P",2012
"560","parej002","Paredes","Jimmy","B","R","HOU","OF",2012
"561","pears001","Pearce","Steve","R","R","HOU","OF",2012
"562","rodra002","Rodriguez","Aneury","R","R","HOU","P",2012
"563","rodrf004","Rodriguez","Fernando","R","R","HOU","P",2012
"564","rodrw002","Rodriguez","Wandy","B","L","HOU","P",2012
"565","schaj002","Schafer","Jordan","L","L","HOU","OF",2012
"566","snydc002","Snyder","Chris","R","R","HOU","C",2012
"567","storm001","Storey","Mickey","R","R","HOU","P",2012
"568","valdj001","Valdez","Jose","R","R","HOU","P",2012
"569","wallb001","Wallace","Brett","L","R","HOU","1B",2012
"570","weilk001","Weiland","Kyle","L","R","HOU","P",2012
"571","wrigw001","Wright","Wesley","R","L","HOU","P",2012
"572","abret001","Abreu","Tony","B","R","KCA","2B",2012
"573","adcon001","Adcock","Nathan","R","R","KCA","P",2012
"574","betay001","Betancourt","Yuniesky","R","R","KCA","2B",2012
"575","bourj001","Bourgeois","Jason","R","R","KCA","OF",2012
"576","broxj001","Broxton","Jonathan","R","R","KCA","P",2012
"577","buenf001","Bueno","Francisley","L","L","KCA","P",2012
"578","butlb003","Butler","Billy","R","R","KCA","DH",2012
"579","cainl001","Cain","Lorenzo","R","R","KCA","OF",2012
"580","chenb001","Chen","Bruce","L","L","KCA","P",2012
"581","colel001","Coleman","Louis","R","R","KCA","P",2012
"582","collt001","Collins","Tim","L","L","KCA","P",2012
"583","color001","Colon","Roman","R","R","KCA","P",2012
"584","crowa001","Crow","Aaron","R","R","KCA","P",2012
"585","duffd001","Duffy","Danny","L","L","KCA","P",2012
"586","dysoj001","Dyson","Jarrod","L","R","KCA","OF",2012
"587","escoa003","Escobar","Alcides","R","R","KCA","SS",2012
"588","falui001","Falu","Irving","B","R","KCA","2B",2012
"589","franj004","Francoeur","Jeff","R","R","KCA","OF",2012
"590","getzc001","Getz","Chris","L","R","KCA","2B",2012
"591","giavj001","Giavotella","Johnny","R","R","KCA","2B",2012
"592","gorda001","Gordon","Alex","L","R","KCA","OF",2012
"593","guthj001","Guthrie","Jeremy","R","R","KCA","P",2012
"594","herrk001","Herrera","Kelvin","R","R","KCA","P",2012
"595","hochl001","Hochevar","Luke","R","R","KCA","P",2012
"596","hollg001","Holland","Greg","R","R","KCA","P",2012
"597","hosme001","Hosmer","Eric","L","L","KCA","1B",2012
"598","hottt001","Hottovy","Tommy","L","L","KCA","P",2012
"599","jeffj001","Jeffress","Jeremy","R","R","KCA","P",2012
"600","lougd001","Lough","David","L","L","KCA","OF",2012
"601","maiem001","Maier","Mitch","L","R","KCA","OF",2012
"602","mazzv001","Mazzaro","Vin","R","R","KCA","P",2012
"603","mendl001","Mendoza","Luis","R","R","KCA","P",2012
"604","mijaj001","Mijares","Jose","L","L","KCA","P",2012
"605","moora001","Moore","Adam","R","R","KCA","C",2012
"606","mousm001","Moustakas","Mike","L","R","KCA","3B",2012
"607","odorj001","Odorizzi","Jake","R","R","KCA","P",2012
"608","paulf001","Paulino","Felipe","R","R","KCA","P",2012
"609","penab002","Pena","Brayan","B","R","KCA","C",2012
"610","peres002","Perez","Salvador","R","R","KCA","C",2012
"611","pinam001","Pina","Manny","R","R","KCA","C",2012
"612","quinh001","Quintero","Humberto","R","R","KCA","C",2012
"613","robic001","Robinson","Clint","L","L","KCA","PH",2012
"614","sancj002","Sanchez","Jonathan","L","L","KCA","P",2012
"615","smitw002","Smith","Will","R","L","KCA","P",2012
"616","teafe001","Teaford","Everett","L","L","KCA","P",2012
"617","verdr001","Verdugo","Ryan","L","L","KCA","P",2012
"618","abreb001","Abreu","Bobby","L","R","LAN","OF",2012
"619","beckj002","Beckett","Josh","R","R","LAN","P",2012
"620","belir001","Belisario","Ronald","R","R","LAN","P",2012
"621","billc001","Billingsley","Chad","R","R","LAN","P",2012
"622","blanj001","Blanton","Joe","R","R","LAN","P",2012
"623","capuc001","Capuano","Chris","L","L","LAN","P",2012
"624","casta003","Castellanos","Alex","R","R","LAN","OF",2012
"625","choar001","Choate","Randy","L","L","LAN","P",2012
"626","cofft001","Coffey","Todd","R","R","LAN","P",2012
"627","cruzl001","Cruz","Luis","R","R","LAN","3B",2012
"628","dejei002","De Jesus","Ivan","R","R","LAN","2B",2012
"629","delar003","de la Rosa","Rubby","R","R","LAN","P",2012
"630","elbes001","Elbert","Scott","L","L","LAN","P",2012
"631","ellia001","Ellis","A.J.","R","R","LAN","C",2012
"632","ellim001","Ellis","Mark","R","R","LAN","2B",2012
"633","ely-j001","Ely","John","R","R","LAN","P",2012
"634","eovan001","Eovaldi","Nathan","R","R","LAN","P",2012
"635","ethia001","Ethier","Andre","L","L","LAN","OF",2012
"636","fedet001","Federowicz","Tim","R","R","LAN","C",2012
"637","fifes001","Fife","Stephen","R","R","LAN","P",2012
"638","gonza003","Gonzalez","Adrian","L","L","LAN","1B",2012
"639","gordd002","Gordon","Dee","L","R","LAN","SS",2012
"640","guerj002","Guerra","Javy","R","R","LAN","P",2012
"641","guerm001","Guerrier","Matt","R","R","LAN","P",2012
"642","gwynt002","Gwynn","Tony","L","R","LAN","OF",2012
"643","hairj002","Hairston","Jerry","R","R","LAN","3B",2012
"644","haraa001","Harang","Aaron","R","R","LAN","P",2012
"645","herre001","Herrera","Elian","B","R","LAN","OF",2012
"646","jansk001","Jansen","Kenley","B","R","LAN","P",2012
"647","kempm001","Kemp","Matt","R","R","LAN","OF",2012
"648","kenna001","Kennedy","Adam","L","R","LAN","3B",2012
"649","kersc001","Kershaw","Clayton","L","L","LAN","P",2012
"650","leagb001","League","Brandon","R","R","LAN","P",2012
"651","lillt001","Lilly","Ted","L","L","LAN","P",2012
"652","lindj004","Lindblom","Josh","R","R","LAN","P",2012
"653","lonej001","Loney","James","L","L","LAN","1B",2012
"654","macdm001","MacDougal","Mike","B","R","LAN","P",2012
"655","puntn001","Punto","Nick","B","R","LAN","2B",2012
"656","ramih003","Ramirez","Hanley","R","R","LAN","SS",2012
"657","rivej001","Rivera","Juan","R","R","LAN","1B",2012
"658","rodrp001","Rodriguez","Paco","L","L","LAN","P",2012
"659","sandj002","Sands","Jerry","R","R","LAN","OF",2012
"660","sellj002","Sellers","Justin","R","R","LAN","SS",2012
"661","tolls002","Tolleson","Shawn","R","R","LAN","P",2012
"662","tream001","Treanor","Matt","R","R","LAN","C",2012
"663","uribj002","Uribe","Juan","R","R","LAN","3B",2012
"664","vanss001","Van Slyke","Scott","R","R","LAN","OF",2012
"665","victs001","Victorino","Shane","B","R","LAN","OF",2012
"666","wallj002","Wall","Josh","R","R","LAN","P",2012
"667","wrigj001","Wright","Jamey","R","R","LAN","P",2012
"668","bellh001","Bell","Heath","R","R","MIA","P",2012
"669","bonie001","Bonifacio","Emilio","B","R","MIA","OF",2012
"670","branr002","Brantly","Rob","L","R","MIA","C",2012
"671","buckj001","Buck","John","R","R","MIA","C",2012
"672","buehm001","Buehrle","Mark","L","L","MIA","P",2012
"673","choar001","Choate","Randy","L","L","MIA","P",2012
"674","cishs001","Cishek","Steve","R","R","MIA","P",2012
"675","coghc001","Coghlan","Chris","L","R","MIA","OF",2012
"676","couss001","Cousins","Scott","L","L","MIA","OF",2012
"677","dobbg001","Dobbs","Greg","L","R","MIA","OF",2012
"678","dunnm002","Dunn","Michael","L","L","MIA","P",2012
"679","eovan001","Eovaldi","Nathan","R","R","MIA","P",2012
"680","gaudc001","Gaudin","Chad","R","R","MIA","P",2012
"681","greea002","Greenberg","Adam","L","L","MIA","PH",2012
"682","green001","Green","Nick","R","R","MIA","3B",2012
"683","handb001","Hand","Brad","L","L","MIA","P",2012
"684","hatcc002","Hatcher","Chris","B","R","MIA","P",2012
"685","hayeb001","Hayes","Brett","R","R","MIA","C",2012
"686","herng001","Hernandez","Gorkys","R","R","MIA","OF",2012
"687","infao001","Infante","Omar","R","R","MIA","2B",2012
"688","jennd003","Jennings","Dan","L","L","MIA","P",2012
"689","johnj009","Johnson","Josh","L","R","MIA","P",2012
"690","keara001","Kearns","Austin","R","R","MIA","OF",2012
"691","koeht001","Koehler","Tom","R","R","MIA","P",2012
"692","leblw001","LeBlanc","Wade","L","L","MIA","P",2012
"693","lee-c001","Lee","Carlos","R","R","MIA","1B",2012
"694","mattk001","Mattison","Kevin","L","L","MIA","OF",2012
"695","morrl001","Morrison","Logan","L","L","MIA","OF",2012
"696","mujie001","Mujica","Edward","R","R","MIA","P",2012
"697","murpd004","Murphy","Donnie","R","R","MIA","3B",2012
"698","nolar001","Nolasco","Ricky","R","R","MIA","P",2012
"699","peteb001","Petersen","Bryan","L","R","MIA","OF",2012
"700","ramih003","Ramirez","Hanley","R","R","MIA","3B",2012
"701","ramoa001","Ramos","A.J.","R","R","MIA","P",2012
"702","reyej001","Reyes","Jose","B","R","MIA","SS",2012
"703","rosas001","Rosario","Sandy","R","R","MIA","P",2012
"704","ruggj001","Ruggiano","Justin","R","R","MIA","OF",2012
"705","sanca004","Sanchez","Anibal","R","R","MIA","P",2012
"706","sancg001","Sanchez","Gaby","R","R","MIA","1B",2012
"707","solad001","Solano","Donovan","R","R","MIA","2B",2012
"708","stanm004","Stanton","Giancarlo","R","R","MIA","OF",2012
"709","turnj002","Turner","Jacob","R","R","MIA","P",2012
"710","velag002","Velazquez","Gil","R","R","MIA","3B",2012
"711","webbr001","Webb","Ryan","R","R","MIA","P",2012
"712","zambc001","Zambrano","Carlos","B","R","MIA","P",2012
"713","aokin001","Aoki","Nori","L","R","MIL","OF",2012
"714","axfoj001","Axford","John","R","R","MIL","P",2012
"715","bianj001","Bianchi","Jeff","R","R","MIL","SS",2012
"716","braur002","Braun","Ryan","R","R","MIL","OF",2012
"717","chulv001","Chulk","Vinnie","R","R","MIL","P",2012
"718","conrb001","Conrad","Brooks","B","R","MIL","1B",2012
"719","dillt001","Dillard","Tim","R","R","MIL","P",2012
"720","estrm001","Estrada","Marco","R","R","MIL","P",2012
"721","farre001","Farris","Eric","R","R","MIL","2B",2012
"722","fierm001","Fiers","Michael","R","R","MIL","P",2012
"723","gally001","Gallardo","Yovani","R","R","MIL","P",2012
"724","gamem001","Gamel","Mat","L","R","MIL","1B",2012
"725","gomec002","Gomez","Carlos","R","R","MIL","OF",2012
"726","gonza002","Gonzalez","Alex","R","R","MIL","SS",2012
"727","greet005","Green","Taylor","L","R","MIL","1B",2012
"728","greiz001","Greinke","Zack","R","R","MIL","P",2012
"729","hartc001","Hart","Corey","R","R","MIL","1B",2012
"730","hendj001","Henderson","Jim","L","R","MIL","P",2012
"731","hernl003","Hernandez","Livan","R","R","MIL","P",2012
"732","ishit001","Ishikawa","Travis","L","L","MIL","1B",2012
"733","iztuc001","Izturis","Cesar","B","R","MIL","SS",2012
"734","kintb001","Kintzler","Brandon","R","R","MIL","P",2012
"735","kottg001","Kottaras","George","L","R","MIL","C",2012
"736","loe-k001","Loe","Kameron","R","R","MIL","P",2012
"737","lucrj001","Lucroy","Jonathan","R","R","MIL","C",2012
"738","maldm001","Maldonado","Martin","R","R","MIL","C",2012
"739","marcs001","Marcum","Shaun","R","R","MIL","P",2012
"740","mayse001","Maysonet","Edwin","R","R","MIL","SS",2012
"741","mcclm001","McClendon","Mike","R","R","MIL","P",2012
"742","morgn001","Morgan","Nyjer","L","L","MIL","OF",2012
"743","narvc001","Narveson","Chris","L","L","MIL","P",2012
"744","parrm001","Parra","Manny","L","L","MIL","P",2012
"745","peraw001","Peralta","Wily","R","R","MIL","P",2012
"746","perej001","Perez","Juan","R","L","MIL","P",2012
"747","ramia001","Ramirez","Aramis","R","R","MIL","3B",2012
"748","ransc001","Ransom","Cody","R","R","MIL","SS",2012
"749","rodrf003","Rodriguez","Francisco","R","R","MIL","P",2012
"750","rogem001","Rogers","Mark","R","R","MIL","P",2012
"751","schal001","Schafer","Logan","L","L","MIL","OF",2012
"752","seguj002","Segura","Jean","R","R","MIL","SS",2012
"753","stinj001","Stinson","Josh","R","R","MIL","P",2012
"754","thort001","Thornburg","Tyler","R","R","MIL","P",2012
"755","torry001","Torrealba","Yorvit","R","R","MIL","C",2012
"756","veraj001","Veras","Jose","R","R","MIL","P",2012
"757","weekr001","Weeks","Rickie","R","R","MIL","2B",2012
"758","wolfr001","Wolf","Randy","L","L","MIL","P",2012
"759","blacn001","Blackburn","Nick","R","R","MIN","P",2012
"760","burna002","Burnett","Alex","R","R","MIN","P",2012
"761","burrs001","Burroughs","Sean","L","R","MIN","3B",2012
"762","burtj001","Burton","Jared","R","R","MIN","P",2012
"763","buted001","Butera","Drew","R","R","MIN","C",2012
"764","cappm001","Capps","Matt","R","R","MIN","P",2012
"765","carrj001","Carroll","Jamey","R","R","MIN","2B",2012
"766","carsm001","Carson","Matt","R","R","MIN","OF",2012
"767","casia001","Casilla","Alexi","B","R","MIN","2B",2012
"768","dedus001","Deduno","Samuel","R","R","MIN","P",2012
"769","devrc001","De Vries","Cole","R","R","MIN","P",2012
"770","diams001","Diamond","Scott","L","L","MIN","P",2012
"771","doumr001","Doumit","Ryan","B","R","MIN","C",2012
"772","dozib001","Dozier","Brian","R","R","MIN","SS",2012
"773","duenb001","Duensing","Brian","L","L","MIN","P",2012
"774","escoe001","Escobar","Eduardo","B","R","MIN","2B",2012
"775","fienc001","Fien","Casey","R","R","MIN","P",2012
"776","florp001","Florimon","Pedro","B","R","MIN","SS",2012
"777","grayj002","Gray","Jeff","R","R","MIN","P",2012
"778","hendl001","Hendriks","Liam","R","R","MIN","P",2012
"779","herrc001","Herrmann","Chris","L","R","MIN","C",2012
"780","hughl001","Hughes","Luke","R","R","MIN","2B",2012
"781","komae001","Komatsu","Erik","L","L","MIN","OF",2012
"782","lirif001","Liriano","Francisco","L","L","MIN","P",2012
"783","malom001","Maloney","Matt","L","L","MIN","P",2012
"784","mansj001","Manship","Jeff","R","R","MIN","P",2012
"785","marqj001","Marquis","Jason","L","R","MIN","P",2012
"786","mastd002","Mastroianni","Darin","R","R","MIN","OF",2012
"787","mauej001","Mauer","Joe","L","R","MIN","C",2012
"788","mornj001","Morneau","Justin","L","R","MIN","1B",2012
"789","nisht001","Nishioka","Tsuyoshi","B","R","MIN","2B",2012
"790","olivl001","Oliveros","Lester","R","R","MIN","P",2012
"791","parmc001","Parmelee","Chris","L","L","MIN","1B",2012
"792","pavac001","Pavano","Carl","R","R","MIN","P",2012
"793","perdl001","Perdomo","Luis","L","R","MIN","P",2012
"794","perkg001","Perkins","Glen","L","L","MIN","P",2012
"795","plout001","Plouffe","Trevor","R","R","MIN","3B",2012
"796","reveb001","Revere","Ben","L","R","MIN","OF",2012
"797","robet001","Robertson","Tyler","L","L","MIN","P",2012
"798","spand001","Span","Denard","L","L","MIN","OF",2012
"799","swara001","Swarzak","Anthony","R","R","MIN","P",2012
"800","thomc002","Thomas","Clete","L","R","MIN","OF",2012
"801","valed001","Valencia","Danny","R","R","MIN","3B",2012
"802","vasqe001","Vasquez","Esmerling","R","R","MIN","P",2012
"803","waldk001","Waldrop","Kyle","R","R","MIN","P",2012
"804","waltp001","Walters","P.J.","R","R","MIN","P",2012
"805","willj004","Willingham","Josh","R","R","MIN","OF",2012
"806","aardd001","Aardsma","David","R","R","NYA","P",2012
"807","canor001","Cano","Robinson","L","R","NYA","2B",2012
"808","cervf001","Cervelli","Francisco","R","R","NYA","C",2012
"809","chamj002","Chamberlain","Joba","R","R","NYA","P",2012
"810","chave001","Chavez","Eric","L","R","NYA","3B",2012
"811","dickc001","Dickerson","Chris","L","L","NYA","OF",2012
"812","epplc001","Eppley","Cody","R","R","NYA","P",2012
"813","garcf002","Garcia","Freddy","R","R","NYA","P",2012
"814","gardb001","Gardner","Brett","L","L","NYA","OF",2012
"815","granc001","Granderson","Curtis","L","R","NYA","OF",2012
"816","hughp001","Hughes","Phil","R","R","NYA","P",2012
"817","ibanr001","Ibanez","Raul","L","R","NYA","OF",2012
"818","igarr001","Igarashi","Ryota","R","R","NYA","P",2012
"819","jeted001","Jeter","Derek","R","R","NYA","SS",2012
"820","jonea002","Jones","Andruw","R","R","NYA","OF",2012
"821","kuroh001","Kuroda","Hiroki","R","R","NYA","P",2012
"822","logab001","Logan","Boone","R","L","NYA","P",2012
"823","lowed001","Lowe","Derek","R","R","NYA","P",2012
"824","martr004","Martin","Russell","R","R","NYA","C",2012
"825","mcdod002","McDonald","Darnell","R","R","NYA","OF",2012
"826","mcgec001","McGehee","Casey","R","R","NYA","3B",2012
"827","mesam001","Mesa","Melky","R","R","NYA","DH",2012
"828","mitcd001","Mitchell","D.J.","R","R","NYA","P",2012
"829","nix-j001","Nix","Jayson","R","R","NYA","3B",2012
"830","novai001","Nova","Ivan","R","R","NYA","P",2012
"831","nunee002","Nunez","Eduardo","R","R","NYA","SS",2012
"832","pears001","Pearce","Steve","R","R","NYA","1B",2012
"833","penar002","Pena","Ramiro","B","R","NYA","SS",2012
"834","petta001","Pettitte","Andy","L","L","NYA","P",2012
"835","pheld001","Phelps","David","R","R","NYA","P",2012
"836","qualc001","Qualls","Chad","R","R","NYA","P",2012
"837","rapac001","Rapada","Clay","R","L","NYA","P",2012
"838","rivem002","Rivera","Mariano","R","R","NYA","P",2012
"839","robed002","Robertson","David","R","R","NYA","P",2012
"840","rodra001","Rodriguez","Alex","R","R","NYA","3B",2012
"841","sabac001","Sabathia","CC","L","L","NYA","P",2012
"842","sorir001","Soriano","Rafael","R","R","NYA","P",2012
"843","stewc001","Stewart","Chris","R","R","NYA","C",2012
"844","suzui001","Suzuki","Ichiro","L","R","NYA","OF",2012
"845","swisn001","Swisher","Nick","B","L","NYA","OF",2012
"846","teixm001","Teixeira","Mark","B","R","NYA","1B",2012
"847","thomj006","Thomas","Justin","L","L","NYA","P",2012
"848","wadec001","Wade","Cory","R","R","NYA","P",2012
"849","warra001","Warren","Adam","R","R","NYA","P",2012
"850","wised001","Wise","Dewayne","L","L","NYA","OF",2012
"851","acosm001","Acosta","Manny","R","R","NYN","P",2012
"852","batim001","Batista","Miguel","R","R","NYN","P",2012
"853","baxtm001","Baxter","Mike","L","R","NYN","OF",2012
"854","bay-j001","Bay","Jason","R","R","NYN","OF",2012
"855","beatp001","Beato","Pedro","R","R","NYN","P",2012
"856","byrdt001","Byrdak","Tim","L","L","NYN","P",2012
"857","carrd001","Carrasco","D.J.","R","R","NYN","P",2012
"858","carsr001","Carson","Robert","L","L","NYN","P",2012
"859","ceder002","Cedeno","Ronny","R","R","NYN","2B",2012
"860","davii001","Davis","Ike","L","L","NYN","1B",2012
"861","dickr001","Dickey","R.A.","R","R","NYN","P",2012
"862","dudal001","Duda","Lucas","L","R","NYN","OF",2012
"863","edgij001","Edgin","Josh","R","L","NYN","P",2012
"864","egbej001","Egbert","Jack","L","R","NYN","P",2012
"865","famij001","Familia","Jeurys","R","R","NYN","P",2012
"866","franf001","Francisco","Frank","R","R","NYN","P",2012
"867","gee-d001","Gee","Dillon","R","R","NYN","P",2012
"868","hairs001","Hairston","Scott","R","R","NYN","OF",2012
"869","hampj001","Hampson","Justin","L","L","NYN","P",2012
"870","harvm001","Harvey","Matt","R","R","NYN","P",2012
"871","hefnj001","Hefner","Jeremy","R","R","NYN","P",2012
"872","johnr009","Johnson","Rob","R","R","NYN","C",2012
"873","lewif001","Lewis","Fred","L","R","NYN","OF",2012
"874","lutzz001","Lutz","Zach","R","R","NYN","1B",2012
"875","mchuc001","McHugh","Collin","R","R","NYN","P",2012
"876","mejij001","Mejia","Jenrry","R","R","NYN","P",2012
"877","murpd006","Murphy","Daniel","L","R","NYN","2B",2012
"878","nickm001","Nickeas","Mike","R","R","NYN","C",2012
"879","niesj001","Niese","Jon","L","L","NYN","P",2012
"880","nieuk001","Nieuwenhuis","Kirk","L","R","NYN","OF",2012
"881","olsog003","Olson","Garrett","R","L","NYN","P",2012
"882","parnb001","Parnell","Bobby","R","R","NYN","P",2012
"883","pelfm001","Pelfrey","Mike","R","R","NYN","P",2012
"884","quino001","Quintanilla","Omar","L","R","NYN","SS",2012
"885","ramie005","Ramirez","Elvin","R","R","NYN","P",2012
"886","ramir003","Ramirez","Ramon","R","R","NYN","P",2012
"887","raucj001","Rauch","Jon","R","R","NYN","P",2012
"888","rottv001","Rottino","Vinny","R","R","NYN","OF",2012
"889","santj003","Santana","Johan","L","L","NYN","P",2012
"890","satij001","Satin","Josh","R","R","NYN","PH",2012
"891","schwc001","Schwinden","Chris","R","R","NYN","P",2012
"892","shopk001","Shoppach","Kelly","R","R","NYN","C",2012
"893","tejar001","Tejada","Ruben","R","R","NYN","SS",2012
"894","tholj001","Thole","Josh","L","R","NYN","C",2012
"895","torra001","Torres","Andres","B","R","NYN","OF",2012
"896","turnj001","Turner","Justin","R","R","NYN","2B",2012
"897","valdj002","Valdespin","Jordany","L","R","NYN","OF",2012
"898","wrigd002","Wright","David","R","R","NYN","3B",2012
"899","younc003","Young","Chris","R","R","NYN","P",2012
"900","accaj001","Accardo","Jeremy","R","R","OAK","P",2012
"901","alleb001","Allen","Brandon","L","R","OAK","1B",2012
"902","andeb004","Anderson","Brett","L","L","OAK","P",2012
"903","balfg001","Balfour","Grant","R","R","OAK","P",2012
"904","bartd001","Barton","Daric","L","R","OAK","1B",2012
"905","blact001","Blackley","Travis","L","L","OAK","P",2012
"906","blevj001","Blevins","Jerry","L","L","OAK","P",2012
"907","caria001","Carignan","Andrew","R","R","OAK","P",2012
"908","cartc002","Carter","Chris","R","R","OAK","1B",2012
"909","cespy001","Cespedes","Yoenis","R","R","OAK","OF",2012
"910","chavj001","Chavez","Jesse","R","R","OAK","P",2012
"911","colob001","Colon","Bartolo","R","R","OAK","P",2012
"912","cookr001","Cook","Ryan","R","R","OAK","P",2012
"913","cowgc001","Cowgill","Collin","R","L","OAK","OF",2012
"914","crisc001","Crisp","Coco","B","R","OAK","OF",2012
"915","delof001","de los Santos","Fautino","R","R","OAK","P",2012
"916","donaj001","Donaldson","Josh","R","R","OAK","3B",2012
"917","dools001","Doolittle","Sean","L","L","OAK","P",2012
"918","drews001","Drew","Stephen","L","R","OAK","SS",2012
"919","figup001","Figueroa","Pedro","L","L","OAK","P",2012
"920","fuenb001","Fuentes","Brian","L","L","OAK","P",2012
"921","godfg001","Godfrey","Graham","R","R","OAK","P",2012
"922","gomej001","Gomes","Jonny","R","R","OAK","DH",2012
"923","grifa002","Griffin","A.J.","R","R","OAK","P",2012
"924","hickb002","Hicks","Brandon","R","R","OAK","SS",2012
"925","hughl001","Hughes","Luke","R","R","OAK","3B",2012
"926","ingeb001","Inge","Brandon","R","R","OAK","3B",2012
"927","kaaik001","Ka'aihue","Kila","L","R","OAK","1B",2012
"928","kottg001","Kottaras","George","L","R","OAK","C",2012
"929","mccab001","McCarthy","Brandon","R","R","OAK","P",2012
"930","millj005","Miller","Jim","R","R","OAK","P",2012
"931","milot001","Milone","Tom","L","L","OAK","P",2012
"932","mossb001","Moss","Brandon","L","R","OAK","1B",2012
"933","neshp001","Neshek","Pat","B","R","OAK","P",2012
"934","norbj001","Norberto","Jordan","L","L","OAK","P",2012
"935","norrd001","Norris","Derek","R","R","OAK","C",2012
"936","parkj001","Parker","Jarrod","R","R","OAK","P",2012
"937","pennc001","Pennington","Cliff","B","R","OAK","SS",2012
"938","recka001","Recker","Anthony","R","R","OAK","C",2012
"939","reddj001","Reddick","Josh","L","R","OAK","OF",2012
"940","rosaa001","Rosales","Adam","R","R","OAK","2B",2012
"941","rosst001","Ross","Tyson","R","R","OAK","P",2012
"942","scrie001","Scribner","Evan","R","R","OAK","P",2012
"943","smits002","Smith","Seth","L","L","OAK","OF",2012
"944","sogae001","Sogard","Eric","L","R","OAK","SS",2012
"945","strad003","Straily","Dan","R","R","OAK","P",2012
"946","suzuk001","Suzuki","Kurt","R","R","OAK","C",2012
"947","taylm001","Taylor","Michael","R","R","OAK","OF",2012
"948","thomr006","Thompson","Rich","R","R","OAK","P",2012
"949","weekj001","Weeks","Jemile","B","R","OAK","2B",2012
"950","aumop001","Aumont","Phillippe","L","R","PHI","P",2012
"951","basta001","Bastardo","Antonio","R","L","PHI","P",2012
"952","blanj001","Blanton","Joe","R","R","PHI","P",2012
"953","browd004","Brown","Domonic","L","L","PHI","OF",2012
"954","brumt001","Brummett","Tyson","R","R","PHI","P",2012
"955","cloyt001","Cloyd","Tyler","R","R","PHI","P",2012
"956","contj002","Contreras","Jose","R","R","PHI","P",2012
"957","defrj001","De Fratus","Justin","B","R","PHI","P",2012
"958","diekj001","Diekman","Jake","L","L","PHI","P",2012
"959","fontm001","Fontenot","Mike","L","R","PHI","2B",2012
"960","frank001","Frandsen","Kevin","R","R","PHI","3B",2012
"961","galvf001","Galvis","Freddy","B","R","PHI","2B",2012
"962","hallr001","Halladay","Roy","R","R","PHI","P",2012
"963","hamec001","Hamels","Cole","L","L","PHI","P",2012
"964","hernd003","Herndon","David","R","R","PHI","P",2012
"965","horsj001","Horst","Jeremy","L","L","PHI","P",2012
"966","howar001","Howard","Ryan","L","L","PHI","1B",2012
"967","kendk001","Kendrick","Kyle","R","R","PHI","P",2012
"968","krate001","Kratz","Erik","R","R","PHI","C",2012
"969","lee-c003","Lee","Cliff","L","L","PHI","P",2012
"970","lerus001","Lerud","Steven","L","R","PHI","C",2012
"971","lindj004","Lindblom","Josh","R","R","PHI","P",2012
"972","lunah001","Luna","Hector","R","R","PHI","1B",2012
"973","martm003","Martinez","Michael","B","R","PHI","2B",2012
"974","maybj001","Mayberry","John","R","R","PHI","OF",2012
"975","nix-l001","Nix","Laynce","L","L","PHI","OF",2012
"976","orr-p001","Orr","Pete","L","R","PHI","2B",2012
"977","papej001","Papelbon","Jonathan","R","R","PHI","P",2012
"978","pench001","Pence","Hunter","R","R","PHI","OF",2012
"979","pierj002","Pierre","Juan","L","L","PHI","OF",2012
"980","polap001","Polanco","Placido","R","R","PHI","3B",2012
"981","pridj001","Pridie","Jason","L","R","PHI","OF",2012
"982","qualc001","Qualls","Chad","R","R","PHI","P",2012
"983","rollj001","Rollins","Jimmy","B","R","PHI","SS",2012
"984","roseb003","Rosenberg","B.J.","R","R","PHI","P",2012
"985","ruf-d001","Ruf","Darin","R","R","PHI","OF",2012
"986","ruizc001","Ruiz","Carlos","R","R","PHI","C",2012
"987","sancb001","Sanches","Brian","R","R","PHI","P",2012
"988","savej001","Savery","Joe","L","L","PHI","P",2012
"989","schin001","Schierholtz","Nate","L","R","PHI","OF",2012
"990","schnb001","Schneider","Brian","L","R","PHI","C",2012
"991","schwm002","Schwimer","Michael","R","R","PHI","P",2012
"992","stutm001","Stutes","Michael","R","R","PHI","P",2012
"993","thomj002","Thome","Jim","L","R","PHI","DH",2012
"994","utlec001","Utley","Chase","L","R","PHI","2B",2012
"995","valdr002","Valdes","Raul","L","L","PHI","P",2012
"996","victs001","Victorino","Shane","B","R","PHI","OF",2012
"997","wiggt001","Wigginton","Ty","R","R","PHI","1B",2012
"998","worlv001","Worley","Vance","R","R","PHI","P",2012
"999","alvap001","Alvarez","Pedro","L","R","PIT","3B",2012
"1000","barar001","Barajas","Rod","R","R","PIT","C",2012
"1001","barmc001","Barmes","Clint","R","R","PIT","SS",2012
"1002","bedae001","Bedard","Erik","L","L","PIT","P",2012
"1003","burna001","Burnett","A.J.","R","R","PIT","P",2012
"1004","clemj001","Clement","Jeff","L","R","PIT","1B",2012
"1005","corrk001","Correia","Kevin","R","R","PIT","P",2012
"1006","cruzj005","Cruz","Juan","R","R","PIT","P",2012
"1007","darnc001","d'Arnaud","Chase","R","R","PIT","2B",2012
"1008","fryee001","Fryer","Eric","R","R","PIT","OF",2012
"1009","grilj001","Grilli","Jason","R","R","PIT","P",2012
"1010","hagum001","Hague","Matt","R","R","PIT","1B",2012
"1011","hanrj001","Hanrahan","Joel","R","R","PIT","P",2012
"1012","harrj002","Harrison","Josh","R","R","PIT","2B",2012
"1013","herng001","Hernandez","Gorkys","R","R","PIT","OF",2012
"1014","holtb002","Holt","Brock","L","R","PIT","2B",2012
"1015","hughj001","Hughes","Jared","R","R","PIT","P",2012
"1016","joneg002","Jones","Garrett","L","L","PIT","1B",2012
"1017","karsj001","Karstens","Jeff","R","R","PIT","P",2012
"1018","leroc001","Leroux","Chris","L","R","PIT","P",2012
"1019","lincb001","Lincoln","Brad","L","R","PIT","P",2012
"1020","lockj001","Locke","Jeff","L","L","PIT","P",2012
"1021","marts002","Marte","Starling","R","R","PIT","OF",2012
"1022","mccua001","McCutchen","Andrew","R","R","PIT","OF",2012
"1023","mccud001","McCutchen","Daniel","R","R","PIT","P",2012
"1024","mcdoj004","McDonald","James","L","R","PIT","P",2012
"1025","mcgec001","McGehee","Casey","R","R","PIT","1B",2012
"1026","mckem001","McKenry","Michael","R","R","PIT","C",2012
"1027","mclon001","McLouth","Nate","L","R","PIT","OF",2012
"1028","mcphk001","McPherson","Kyle","R","R","PIT","P",2012
"1029","meeke001","Meek","Evan","R","R","PIT","P",2012
"1030","mercj002","Mercer","Jordy","R","R","PIT","SS",2012
"1031","morrb002","Morris","Bryan","L","R","PIT","P",2012
"1032","mortc002","Morton","Charlie","R","R","PIT","P",2012
"1033","navay001","Navarro","Yamaico","R","R","PIT","OF",2012
"1034","presa001","Presley","Alex","L","L","PIT","OF",2012
"1035","qualc001","Qualls","Chad","R","R","PIT","P",2012
"1036","resoc001","Resop","Chris","R","R","PIT","P",2012
"1037","rodrw002","Rodriguez","Wandy","B","L","PIT","P",2012
"1038","sancg001","Sanchez","Gaby","R","R","PIT","1B",2012
"1039","slatd001","Slaten","Doug","L","L","PIT","P",2012
"1040","snidt001","Snider","Travis","L","L","PIT","OF",2012
"1041","suttd002","Sutton","Drew","B","R","PIT","OF",2012
"1042","tabaj002","Tabata","Jose","R","R","PIT","OF",2012
"1043","takah001","Takahashi","Hisanori","L","L","PIT","P",2012
"1044","vandr001","van den Hurk","Rick","R","R","PIT","P",2012
"1045","walkn001","Walker","Neil","B","R","PIT","2B",2012
"1046","watst001","Watson","Tony","L","L","PIT","P",2012
"1047","wilsj004","Wilson","Justin","L","L","PIT","P",2012
"1048","alony001","Alonso","Yonder","L","R","SDN","1B",2012
"1049","amara001","Amarista","Alexi","L","R","SDN","2B",2012
"1050","bakej002","Baker","John","L","R","SDN","C",2012
"1051","bartj001","Bartlett","Jason","R","R","SDN","SS",2012
"1052","bassa001","Bass","Anthony","R","R","SDN","P",2012
"1053","blank002","Blanks","Kyle","R","R","SDN","1B",2012
"1054","boxbb001","Boxberger","Brad","R","R","SDN","P",2012
"1055","bracb001","Brach","Brad","R","R","SDN","P",2012
"1056","burnc001","Burns","Cory","R","R","SDN","P",2012
"1057","cabre001","Cabrera","Everth","B","R","SDN","SS",2012
"1058","casha001","Cashner","Andrew","R","R","SDN","P",2012
"1059","darnj001","Darnell","James","R","R","SDN","OF",2012
"1060","denoc001","Denorfia","Chris","R","R","SDN","OF",2012
"1061","forsl001","Forsythe","Logan","R","R","SDN","2B",2012
"1062","friee001","Frieri","Ernesto","R","R","SDN","P",2012
"1063","grany001","Grandal","Yasmani","B","R","SDN","C",2012
"1064","gregl001","Gregerson","Luke","L","R","SDN","P",2012
"1065","guzmj005","Guzman","Jesus","R","R","SDN","OF",2012
"1066","headc001","Headley","Chase","B","R","SDN","3B",2012
"1067","hermj001","Hermida","Jeremy","L","R","SDN","OF",2012
"1068","hinsa001","Hinshaw","Alex","L","L","SDN","P",2012
"1069","hudso001","Hudson","Orlando","B","R","SDN","2B",2012
"1070","hundn001","Hundley","Nick","R","R","SDN","C",2012
"1071","kellc001","Kelly","Casey","R","R","SDN","P",2012
"1072","kotsm001","Kotsay","Mark","L","L","SDN","OF",2012
"1073","laynt001","Layne","Tom","L","L","SDN","P",2012
"1074","luebc001","Luebke","Cory","R","L","SDN","P",2012
"1075","marqj001","Marquis","Jason","L","R","SDN","P",2012
"1076","maybc001","Maybin","Cameron","R","R","SDN","OF",2012
"1077","mikom001","Mikolas","Miles","R","R","SDN","P",2012
"1078","mosed001","Moseley","Dustin","R","R","SDN","P",2012
"1079","ohler001","Ohlendorf","Ross","R","R","SDN","P",2012
"1080","owinm001","Owings","Micah","R","R","SDN","P",2012
"1081","palmm001","Palmer","Matt","R","R","SDN","P",2012
"1082","parra001","Parrino","Andy","B","R","SDN","SS",2012
"1083","quenc001","Quentin","Carlos","R","R","SDN","OF",2012
"1084","richc002","Richard","Clayton","L","L","SDN","P",2012
"1085","rodre003","Rodriguez","Eddy","R","R","SDN","C",2012
"1086","solia001","Solis","Ali","R","R","SDN","C",2012
"1087","spenj001","Spence","Josh","L","L","SDN","P",2012
"1088","staut001","Stauffer","Tim","R","R","SDN","P",2012
"1089","streh001","Street","Huston","R","R","SDN","P",2012
"1090","stule002","Stults","Eric","L","L","SDN","P",2012
"1091","suppj001","Suppan","Jeff","R","R","SDN","P",2012
"1092","tekob001","Tekotte","Blake","L","R","SDN","OF",2012
"1093","thatj001","Thatcher","Joe","L","L","SDN","P",2012
"1094","thayd001","Thayer","Dale","R","R","SDN","P",2012
"1095","venaw001","Venable","Will","L","L","SDN","OF",2012
"1096","vincn001","Vincent","Nick","R","R","SDN","P",2012
"1097","volqe001","Volquez","Edinson","R","R","SDN","P",2012
"1098","wellk001","Wells","Kip","R","R","SDN","P",2012
"1099","werna001","Werner","Andrew","L","L","SDN","P",2012
"1100","wielj001","Wieland","Joe","R","R","SDN","P",2012
"1101","ackld001","Ackley","Dustin","L","R","SEA","2B",2012
"1102","beavb001","Beavan","Blake","R","R","SEA","P",2012
"1103","cappc001","Capps","Carter","R","R","SEA","P",2012
"1104","carpm001","Carp","Mike","L","R","SEA","OF",2012
"1105","delas001","Delabar","Steve","R","R","SEA","P",2012
"1106","figgc001","Figgins","Chone","B","R","SEA","OF",2012
"1107","furbc001","Furbush","Charlie","L","L","SEA","P",2012
"1108","gutif001","Gutierrez","Franklin","R","R","SEA","OF",2012
"1109","hernf002","Hernandez","Felix","R","R","SEA","P",2012
"1110","iwakh001","Iwakuma","Hisashi","R","R","SEA","P",2012
"1111","jasoj001","Jaso","John","L","R","SEA","DH",2012
"1112","jimel001","Jimenez","Luis Antonio","L","L","SEA","DH",2012
"1113","kawam001","Kawasaki","Munenori","L","R","SEA","SS",2012
"1114","kells001","Kelley","Shawn","R","R","SEA","P",2012
"1115","kinnj001","Kinney","Josh","R","R","SEA","P",2012
"1116","leagb001","League","Brandon","R","R","SEA","P",2012
"1117","lidda001","Liddi","Alex","R","R","SEA","3B",2012
"1118","luetl001","Luetge","Lucas","L","L","SEA","P",2012
"1119","millk004","Millwood","Kevin","R","R","SEA","P",2012
"1120","montj003","Montero","Jesus","R","R","SEA","DH",2012
"1121","noesh001","Noesi","Hector","R","R","SEA","P",2012
"1122","olivm001","Olivo","Miguel","R","R","SEA","C",2012
"1123","peguc001","Peguero","Carlos","L","L","SEA","OF",2012
"1124","pereo002","Perez","Oliver","L","L","SEA","P",2012
"1125","pryos001","Pryor","Stephen","R","R","SEA","P",2012
"1126","ramie004","Ramirez","Erasmo","R","R","SEA","P",2012
"1127","robit001","Robinson","Trayvon","B","R","SEA","OF",2012
"1128","ryanb002","Ryan","Brendan","R","R","SEA","SS",2012
"1129","saunm001","Saunders","Michael","L","R","SEA","OF",2012
"1130","seagk001","Seager","Kyle","L","R","SEA","3B",2012
"1131","sherg001","Sherrill","George","L","L","SEA","P",2012
"1132","smoaj001","Smoak","Justin","B","L","SEA","1B",2012
"1133","suzui001","Suzuki","Ichiro","L","R","SEA","OF",2012
"1134","thame001","Thames","Eric","L","R","SEA","OF",2012
"1135","triuc001","Triunfel","Carlos","R","R","SEA","SS",2012
"1136","vargj001","Vargas","Jason","L","L","SEA","P",2012
"1137","wellc001","Wells","Casper","R","R","SEA","OF",2012
"1138","wilht001","Wilhelmsen","Tom","R","R","SEA","P",2012
"1139","affej001","Affeldt","Jeremy","L","L","SFN","P",2012
"1140","ariaj001","Arias","Joaquin","R","R","SFN","3B",2012
"1141","beltb001","Belt","Brandon","L","L","SFN","1B",2012
"1142","blact001","Blackley","Travis","L","L","SFN","P",2012
"1143","blang001","Blanco","Gregor","L","L","SFN","OF",2012
"1144","bumgm001","Bumgarner","Madison","R","L","SFN","P",2012
"1145","burre001","Burriss","Emmanuel","B","R","SFN","2B",2012
"1146","cabrm002","Cabrera","Melky","B","L","SFN","OF",2012
"1147","cainm001","Cain","Matt","R","R","SFN","P",2012
"1148","chrij003","Christian","Justin","R","R","SFN","OF",2012
"1149","crawb001","Crawford","Brandon","L","R","SFN","SS",2012
"1150","culbc001","Culberson","Charlie","R","R","SFN","2B",2012
"1151","edles001","Edlefsen","Steve","B","R","SFN","P",2012
"1152","garcj002","Casilla","Santiago","R","R","SFN","P",2012
"1153","gillc001","Gillaspie","Conor","L","R","SFN","3B",2012
"1154","hacke001","Hacker","Eric","B","R","SFN","P",2012
"1155","hensc002","Hensley","Clay","R","R","SFN","P",2012
"1156","huffa001","Huff","Aubrey","L","R","SFN","1B",2012
"1157","kontg001","Kontos","George","R","R","SFN","P",2012
"1158","linct001","Lincecum","Tim","L","R","SFN","P",2012
"1159","lopej002","Lopez","Javier","L","L","SFN","P",2012
"1160","louxs001","Loux","Shane","R","R","SFN","P",2012
"1161","machj002","Machi","Jean","R","R","SFN","P",2012
"1162","mijaj001","Mijares","Jose","L","L","SFN","P",2012
"1163","motag001","Mota","Guillermo","R","R","SFN","P",2012
"1164","nadyx001","Nady","Xavier","R","R","SFN","OF",2012
"1165","oterd001","Otero","Dan","R","R","SFN","P",2012
"1166","pagaa001","Pagan","Angel","B","R","SFN","OF",2012
"1167","peguf001","Peguero","Francisco","R","R","SFN","OF",2012
"1168","pench001","Pence","Hunter","R","R","SFN","OF",2012
"1169","pennb002","Penny","Brad","R","R","SFN","P",2012
"1170","petiy001","Petit","Yusmeiro","R","R","SFN","P",2012
"1171","pillb001","Pill","Brett","R","R","SFN","1B",2012
"1172","poseb001","Posey","Buster","R","R","SFN","C",2012
"1173","romos001","Romo","Sergio","R","R","SFN","P",2012
"1174","runzd001","Runzler","Dan","L","L","SFN","P",2012
"1175","sanch002","Sanchez","Hector","B","R","SFN","C",2012
"1176","sandp001","Sandoval","Pablo","B","R","SFN","3B",2012
"1177","schin001","Schierholtz","Nate","L","R","SFN","OF",2012
"1178","scutm001","Scutaro","Marco","R","R","SFN","2B",2012
"1179","therr001","Theriot","Ryan","R","R","SFN","2B",2012
"1180","voger001","Vogelsong","Ryan","R","R","SFN","P",2012
"1181","white004","Whiteside","Eli","R","R","SFN","C",2012
"1182","wilsb001","Wilson","Brian","R","R","SFN","P",2012
"1183","zitob001","Zito","Barry","L","L","SFN","P",2012
"1184","adamm002","Adams","Matt","L","R","SLN","1B",2012
"1185","andeb005","Anderson","Bryan","L","R","SLN","C",2012
"1186","beltc001","Beltran","Carlos","B","R","SLN","OF",2012
"1187","berkl001","Berkman","Lance","B","L","SLN","1B",2012
"1188","boggm001","Boggs","Mitchell","R","R","SLN","P",2012
"1189","browb004","Browning","Barret","L","L","SLN","P",2012
"1190","carpc002","Carpenter","Chris","R","R","SLN","P",2012
"1191","carpm002","Carpenter","Matt","L","R","SLN","1B",2012
"1192","chama002","Chambers","Adron","L","L","SLN","OF",2012
"1193","cletm001","Cleto","Maikel","R","R","SLN","P",2012
"1194","craia001","Craig","Allen","R","R","SLN","1B",2012
"1195","cruzt002","Cruz","Tony","R","R","SLN","C",2012
"1196","descd001","Descalso","Daniel","L","R","SLN","2B",2012
"1197","dickb001","Dickson","Brandon","R","R","SLN","P",2012
"1198","fickc001","Fick","Chuckie","R","R","SLN","P",2012
"1199","freed001","Freese","David","R","R","SLN","3B",2012
"1200","frees001","Freeman","Sam","R","L","SLN","P",2012
"1201","fuenb001","Fuentes","Brian","L","L","SLN","P",2012
"1202","furcr001","Furcal","Rafael","B","R","SLN","SS",2012
"1203","garcj004","Garcia","Jaime","L","L","SLN","P",2012
"1204","greet004","Greene","Tyler","R","R","SLN","2B",2012
"1205","hills004","Hill","Steven","R","R","SLN","1B",2012
"1206","hollm001","Holliday","Matt","R","R","SLN","OF",2012
"1207","jackr005","Jackson","Ryan","R","R","SLN","2B",2012
"1208","jay-j001","Jay","Jon","L","L","SLN","OF",2012
"1209","kellj001","Kelly","Joe","R","R","SLN","P",2012
"1210","komae001","Komatsu","Erik","L","L","SLN","OF",2012
"1211","kozmp001","Kozma","Pete","R","R","SLN","SS",2012
"1212","lohsk001","Lohse","Kyle","R","R","SLN","P",2012
"1213","lynnl001","Lynn","Lance","R","R","SLN","P",2012
"1214","martv002","Marte","Victor","R","R","SLN","P",2012
"1215","mcclk001","McClellan","Kyle","R","R","SLN","P",2012
"1216","mills001","Miller","Shelby","R","R","SLN","P",2012
"1217","moliy001","Molina","Yadier","R","R","SLN","C",2012
"1218","mottj001","Motte","Jason","R","R","SLN","P",2012
"1219","mujie001","Mujica","Edward","R","R","SLN","P",2012
"1220","robis001","Robinson","Shane","R","R","SLN","OF",2012
"1221","romej001","Romero","J.C.","B","L","SLN","P",2012
"1222","roset001","Rosenthal","Trevor","R","R","SLN","P",2012
"1223","rzepm001","Rzepczynski","Marc","L","L","SLN","P",2012
"1224","salaf001","Salas","Fernando","R","R","SLN","P",2012
"1225","sance001","Sanchez","Eduardo","R","R","SLN","P",2012
"1226","schus001","Schumaker","Skip","L","R","SLN","2B",2012
"1227","waina001","Wainwright","Adam","R","R","SLN","P",2012
"1228","westj001","Westbrook","Jake","R","R","SLN","P",2012
"1229","alleb001","Allen","Brandon","L","R","TBA","OF",2012
"1230","archc001","Archer","Chris","R","R","TBA","P",2012
"1231","badeb001","Badenhop","Burke","R","R","TBA","P",2012
"1232","brigr001","Brignac","Reid","L","R","TBA","SS",2012
"1233","cobba001","Cobb","Alex","R","R","TBA","P",2012
"1234","conrb001","Conrad","Brooks","B","R","TBA","3B",2012
"1235","daviw001","Davis","Wade","R","R","TBA","P",2012
"1236","delad001","de la Rosa","Dane","R","R","TBA","P",2012
"1237","farnk001","Farnsworth","Kyle","R","R","TBA","P",2012
"1238","franb001","Francisco","Ben","R","R","TBA","OF",2012
"1239","fulds001","Fuld","Sam","L","L","TBA","OF",2012
"1240","gimec001","Gimenez","Chris","R","R","TBA","C",2012
"1241","gomeb001","Gomes","Brandon","R","R","TBA","P",2012
"1242","guyeb001","Guyer","Brandon","R","R","TBA","OF",2012
"1243","hellj001","Hellickson","Jeremy","R","R","TBA","P",2012
"1244","howej003","Howell","J.P.","L","L","TBA","P",2012
"1245","jennd002","Jennings","Desmond","R","R","TBA","OF",2012
"1246","johne002","Johnson","Elliot","B","R","TBA","SS",2012
"1247","joycm001","Joyce","Matthew","L","R","TBA","OF",2012
"1248","keppj001","Keppinger","Jeff","R","R","TBA","3B",2012
"1249","lobaj001","Lobaton","Jose","B","R","TBA","C",2012
"1250","longe001","Longoria","Evan","R","R","TBA","3B",2012
"1251","luekj001","Lueke","Josh","R","R","TBA","P",2012
"1252","matsh001","Matsui","Hideki","L","R","TBA","OF",2012
"1253","mcgej001","McGee","Jake","L","L","TBA","P",2012
"1254","molij001","Molina","Jose","R","R","TBA","C",2012
"1255","moorm003","Moore","Matt","L","L","TBA","P",2012
"1256","niemj001","Niemann","Jeff","R","R","TBA","P",2012
"1257","penac001","Pena","Carlos","L","L","TBA","1B",2012
"1258","peraj002","Peralta","Joel","R","R","TBA","P",2012
"1259","pricd001","Price","David","L","L","TBA","P",2012
"1260","ramoc001","Ramos","Cesar","L","L","TBA","P",2012
"1261","rhymw001","Rhymes","Will","L","R","TBA","2B",2012
"1262","rober002","Roberts","Ryan","R","R","TBA","2B",2012
"1263","rodnf001","Rodney","Fernando","R","R","TBA","P",2012
"1264","rodrs002","Rodriguez","Sean","R","R","TBA","3B",2012
"1265","scotl001","Scott","Luke","L","R","TBA","DH",2012
"1266","shiej002","Shields","James","R","R","TBA","P",2012
"1267","suttd002","Sutton","Drew","B","R","TBA","3B",2012
"1268","thomr005","Thompson","Rich","L","R","TBA","OF",2012
"1269","uptob001","Upton","Melvin","R","R","TBA","OF",2012
"1270","vogts001","Vogt","Stephen","L","R","TBA","C",2012
"1271","zobrb001","Zobrist","Ben","B","R","TBA","OF",2012
"1272","adamm001","Adams","Mike","R","R","TEX","P",2012
"1273","andre001","Andrus","Elvis","R","R","TEX","SS",2012
"1274","belta001","Beltre","Adrian","R","R","TEX","3B",2012
"1275","cruzn002","Cruz","Nelson","R","R","TEX","OF",2012
"1276","darvy001","Darvish","Yu","R","R","TEX","P",2012
"1277","dempr002","Dempster","Ryan","R","R","TEX","P",2012
"1278","felds001","Feldman","Scott","L","R","TEX","P",2012
"1279","felin001","Feliz","Neftali","R","R","TEX","P",2012
"1280","fontw001","Font","Wilmer","R","R","TEX","P",2012
"1281","gentc001","Gentry","Craig","R","R","TEX","OF",2012
"1282","gonza005","Gonzalez","Alberto","R","R","TEX","SS",2012
"1283","grimj002","Grimm","Justin","R","R","TEX","P",2012
"1284","hamij003","Hamilton","Josh","L","L","TEX","OF",2012
"1285","harrm001","Harrison","Matt","L","L","TEX","P",2012
"1286","hernl004","Hernandez","Luis","B","R","TEX","3B",2012
"1287","holld003","Holland","Derek","B","L","TEX","P",2012
"1288","kinsi001","Kinsler","Ian","R","R","TEX","2B",2012
"1289","kirkm001","Kirkman","Michael","L","L","TEX","P",2012
"1290","lewic001","Lewis","Colby","R","R","TEX","P",2012
"1291","lowem002","Lowe","Mark","L","R","TEX","P",2012
"1292","martl002","Martinez","Luis","R","R","TEX","C",2012
"1293","martl004","Martin","Leonys","L","R","TEX","OF",2012
"1294","morem001","Moreland","Mitch","L","L","TEX","1B",2012
"1295","murpd005","Murphy","David","L","L","TEX","OF",2012
"1296","napom001","Napoli","Mike","R","R","TEX","C",2012
"1297","nathj001","Nathan","Joe","R","R","TEX","P",2012
"1298","ogana001","Ogando","Alexi","R","R","TEX","P",2012
"1299","olt-m001","Olt","Mike","R","R","TEX","1B",2012
"1300","oswar001","Oswalt","Roy","R","R","TEX","P",2012
"1301","perem004","Perez","Martin","L","L","TEX","P",2012
"1302","profj001","Profar","Jurickson","B","R","TEX","2B",2012
"1303","rossr002","Ross","Robbie","L","L","TEX","P",2012
"1304","schet001","Scheppers","Tanner","R","R","TEX","P",2012
"1305","snydb003","Snyder","Brandon","R","R","TEX","1B",2012
"1306","sotog001","Soto","Geovany","R","R","TEX","C",2012
"1307","tatey001","Tateyama","Yoshinori","R","R","TEX","P",2012
"1308","torry001","Torrealba","Yorvit","R","R","TEX","C",2012
"1309","uehak001","Uehara","Koji","R","R","TEX","P",2012
"1310","younm003","Young","Michael","R","R","TEX","DH",2012
"1311","alvah001","Alvarez","Henderson","R","R","TOR","P",2012
"1312","arenj001","Arencibia","J.P.","R","R","TOR","C",2012
"1313","bautj002","Bautista","Jose","R","R","TOR","OF",2012
"1314","beckc001","Beck","Chad","R","R","TOR","P",2012
"1315","carpa001","Carpenter","Andrew","R","R","TOR","P",2012
"1316","carpd001","Carpenter","David","R","R","TOR","P",2012
"1317","carrj002","Carreno","Joel","R","R","TOR","P",2012
"1318","cecib001","Cecil","Brett","R","L","TOR","P",2012
"1319","chavj001","Chavez","Jesse","R","R","TOR","P",2012
"1320","coelr001","Coello","Robert","R","R","TOR","P",2012
"1321","coopd002","Cooper","David","L","L","TOR","1B",2012
"1322","cordf002","Cordero","Francisco","R","R","TOR","P",2012
"1323","crawe001","Crawford","Evan","R","L","TOR","P",2012
"1324","davir003","Davis","Rajai","R","R","TOR","OF",2012
"1325","delas001","Delabar","Steve","R","R","TOR","P",2012
"1326","drabk001","Drabek","Kyle","R","R","TOR","P",2012
"1327","dysos001","Dyson","Sam","R","R","TOR","P",2012
"1328","encae001","Encarnacion","Edwin","R","R","TOR","DH",2012
"1329","escoy001","Escobar","Yunel","R","R","TOR","SS",2012
"1330","franb001","Francisco","Ben","R","R","TOR","DH",2012
"1331","frasj002","Frasor","Jason","R","R","TOR","P",2012
"1332","gomey001","Gomes","Yan","R","R","TOR","1B",2012
"1333","gosea001","Gose","Anthony","L","L","TOR","OF",2012
"1334","happj001","Happ","J.A.","L","L","TOR","P",2012
"1335","hecha001","Hechavarria","Adeiny","R","R","TOR","3B",2012
"1336","hills003","Hill","Shawn","R","R","TOR","P",2012
"1337","hutcd001","Hutchison","Drew","L","R","TOR","P",2012
"1338","igarr001","Igarashi","Ryota","R","R","TOR","P",2012
"1339","jansc001","Janssen","Casey","R","R","TOR","P",2012
"1340","jenkc001","Jenkins","Chad","R","R","TOR","P",2012
"1341","johnk003","Johnson","Kelly","L","R","TOR","2B",2012
"1342","koreb001","Korecky","Bobby","R","R","TOR","P",2012
"1343","laffa001","Laffey","Aaron","L","L","TOR","P",2012
"1344","lawrb002","Lawrie","Brett","R","R","TOR","3B",2012
"1345","lincb001","Lincoln","Brad","L","R","TOR","P",2012
"1346","linda001","Lind","Adam","L","L","TOR","1B",2012
"1347","loupa001","Loup","Aaron","L","L","TOR","P",2012
"1348","lyonb003","Lyon","Brandon","R","R","TOR","P",2012
"1349","mathj001","Mathis","Jeff","R","R","TOR","C",2012
"1350","mccom001","McCoy","Mike","R","R","TOR","OF",2012
"1351","morrb001","Morrow","Brandon","R","R","TOR","P",2012
"1352","olivd001","Oliver","Darren","R","L","TOR","P",2012
"1353","pauld001","Pauley","David","R","R","TOR","P",2012
"1354","perel001","Perez","Luis","L","L","TOR","P",2012
"1355","rasmc001","Rasmus","Colby","L","L","TOR","OF",2012
"1356","richs001","Richmond","Scott","R","R","TOR","P",2012
"1357","romer002","Romero","Ricky","R","L","TOR","P",2012
"1358","sants001","Santos","Sergio","R","R","TOR","P",2012
"1359","sierm001","Sierra","Moises","R","R","TOR","OF",2012
"1360","snidt001","Snider","Travis","L","L","TOR","OF",2012
"1361","thame001","Thames","Eric","L","R","TOR","OF",2012
"1362","torry001","Torrealba","Yorvit","R","R","TOR","C",2012
"1363","villc001","Villanueva","Carlos","R","R","TOR","P",2012
"1364","vizqo001","Vizquel","Omar","B","R","TOR","2B",2012
"1365","ankir001","Ankiel","Rick","L","L","WAS","OF",2012
"1366","bernr001","Bernadina","Roger","L","L","WAS","OF",2012
"1367","browc003","Brown","Corey","L","L","WAS","OF",2012
"1368","burns001","Burnett","Sean","L","L","WAS","P",2012
"1369","carrb001","Carroll","Brett","R","R","WAS","OF",2012
"1370","clipt001","Clippard","Tyler","R","R","WAS","P",2012
"1371","derom001","DeRosa","Mark","R","R","WAS","OF",2012
"1372","desmi001","Desmond","Ian","R","R","WAS","SS",2012
"1373","detwr001","Detwiler","Ross","R","L","WAS","P",2012
"1374","dukez001","Duke","Zach","L","L","WAS","P",2012
"1375","espid001","Espinosa","Danny","B","R","WAS","2B",2012
"1376","florj002","Flores","Jesus","R","R","WAS","C",2012
"1377","garcc002","Garcia","Christian","R","R","WAS","P",2012
"1378","gonzg003","Gonzalez","Gio","R","L","WAS","P",2012
"1379","gonzm001","Gonzalez","Mike","R","L","WAS","P",2012
"1380","gorzt001","Gorzelanny","Tom","L","L","WAS","P",2012
"1381","harpb003","Harper","Bryce","L","R","WAS","OF",2012
"1382","iztuc001","Izturis","Cesar","B","R","WAS","2B",2012
"1383","jacke001","Jackson","Edwin","R","R","WAS","P",2012
"1384","lannj001","Lannan","John","L","L","WAS","P",2012
"1385","laroa001","LaRoche","Adam","L","L","WAS","1B",2012
"1386","leons001","Leon","Sandy","B","R","WAS","C",2012
"1387","lidgb001","Lidge","Brad","R","R","WAS","P",2012
"1388","lombs002","Lombardozzi","Steve","B","R","WAS","2B",2012
"1389","maldc003","Maldonado","Carlos","R","R","WAS","C",2012
"1390","mattr001","Mattheus","Ryan","R","R","WAS","P",2012
"1391","moort002","Moore","Tyler","R","R","WAS","OF",2012
"1392","morsm001","Morse","Michael","R","R","WAS","OF",2012
"1393","nadyx001","Nady","Xavier","R","R","WAS","OF",2012
"1394","peree003","Perez","Eury","R","R","WAS","OF",2012
"1395","perrr001","Perry","Ryan","R","R","WAS","P",2012
"1396","ramow001","Ramos","Wilson","R","R","WAS","C",2012
"1397","rodrh002","Rodriguez","Henry","R","R","WAS","P",2012
"1398","solaj002","Solano","Jhonatan","R","R","WAS","C",2012
"1399","stamc001","Stammen","Craig","R","R","WAS","P",2012
"1400","stord001","Storen","Drew","B","R","WAS","P",2012
"1401","stras001","Strasburg","Stephen","R","R","WAS","P",2012
"1402","suzuk001","Suzuki","Kurt","R","R","WAS","C",2012
"1403","tracc001","Tracy","Chad","L","R","WAS","1B",2012
"1404","wangc001","Wang","Chien-Ming","R","R","WAS","P",2012
"1405","wertj001","Werth","Jayson","R","R","WAS","OF",2012
"1406","zimmj003","Zimmermann","Jordan","R","R","WAS","P",2012
"1407","zimmr001","Zimmerman","Ryan","R","R","WAS","3B",2012
